lic_id,labels,address
39767,0,75 1st St S
39069,0,5150 Palm Valley Rd #201
39152,0,9801 Pines Blvd
39235,0,259 4th Ave N
2027,0,1342 Colonial Blvd D27
38934,0,720 S Village Cir
39194,0,1220 20th St
39176,0,604 S Federal Hwy
39158,0,561 N Semoran Blvd
39038,0,1407 Belmonte Ave
31834,0,6028 N U.S. Hwy 41
39281,0,3217 S Access Rd
39103,0,917 W Fairbanks Ave
39167,0,1752 Sea Lark Ln
39275,0,216 W Howry Ave
39164,0,6702 Hanley Rd
34931,0,5515 Vista View Way
39125,0,1016 New York Ave
39245,0,13102 Palm Beach Blvd Suite D
39241,0,4243 W Hillsboro Blvd
35231,0,1032 Goodlette-Frank Rd
39242,0,115 Taylor St
39104,0,2547 Countryside Blvd #3
39124,0,18734 Cortez Blvd
39177,0,1628 San Marco Blvd
39234,0,3223 Ocean Dr
39159,0,483 Mariner Blvd
34025,0,2117 S Tamiami Trail
38880,0,36402 US Hwy 19 N
39120,0,3505 Bobcat Village Center Rd
39351,0,1014 Gateway Blvd #104
33471,0,1 St Johns Medical Park Dr
39301,0,2359 Vanderbilt Beach Rd
39346,0,1341 Oakfield Dr
39445,0,1706 S Dale Mabry Hwy
39263,0,1105 7th Ave N
39186,0,10064 W Indiantown Rd
39297,0,1233 Amelia Plaza
29989,0,8726 NW 26th St #12
35402,0,111 E 1st St
39338,0,90 Indian Trace
31587,0,The Grand Doubletree
39250,0,15600 Panama City Beach Pkwy #800
39342,0,1720 S McCall Rd
39405,0,12705 Race Track Rd
39341,0,328 Milwaukee Ave
22760,0,5701 21st Ave W
39417,0,1801 Oglesby Ave
39130,0,1109 Seminole Dr
39444,0,1886 S 14th St
39140,0,2203 Hillcrest St
39422,0,2936 Del Prado Blvd S
39214,0,1501 E Irlo Bronson Memorial Hwy
38850,0,1342 Colonial Blvd
38822,0,6202 Presidential Ct
38790,0,8359 Beacon Blvd
15545,0,11018 Old St Augustine Rd
32222,0,353 N Swinton Ave
38999,0,4206 Northlake Blvd
34216,0,1103 N Ponce De Leon Blvd
39044,0,2714 S MacDill Ave
38854,0,10114 S Military Trail
31912,0,400 4th St N
31312,0,120 Sea Grove Main St
38400,0,222 NW 45th St
32371,0,3804 Northlake Blvd
38956,0,25241 Elementary Way
36509,0,4141 S Tamiami Trail
34141,0,231 Ruby Ave SUITE D
38662,0,279 107th Ave
26710,0,6400 N Davis Hwy #8
38681,0,2330 Seven Springs Blvd
39052,0,7932 W Sand Lake Rd #304
38792,0,8855 San Jose Blvd
38799,0,12185 W Linebaugh Ave
38921,0,9260 Cortez Blvd
38802,0,357 Wekiva Springs Rd
38050,0,9930 Clint Moore Rd
38824,0,1048 W Hwy 50
39169,0,2720 W Woodview Ln
34451,0,9210 San Jose Blvd
39042,0,3100 SW College Rd
35024,0,2914 Beach Blvd S
39059,0,2219 Wilton Dr
38857,0,50 S Holiday Rd #400
39061,0,3730 Tampa Rd #3
38900,0,9272 SW 40th St
38695,0,40 Island Ave
39006,0,9069 4th St N
39111,0,2800 N Federal Hwy #2
38937,0,6837 4th St N
32153,0,6420 N Central Ave
38630,0,3214 SE Federal Hwy
38906,0,1781 Dunlawton Ave
38946,0,230 E Marks St
37205,0,12144 Cortez Blvd
39021,0,7375 SW 24th St
39136,0,1122 Riverside Dr
39157,0,2100 NW 42nd Ave
38995,0,5586 Broadcast Ct
31299,0,3715 W Horatio St
28281,0,525 4th St N
31842,0,5011 Ocean Blvd #202
8398,0,7046 Mariner Blvd
30902,0,11921 S Dixie Hwy #200
34388,0,1043 Jenks Ave
13514,0,4947 Tamiami Trail N
30010,0,100 Chopin Plaza
35276,0,1414 Gay Rd
20925,0,8101 World Center Dr
34095,0,S Palm Dr
27759,0,1900 Dr M.L.K. Jr St N
34057,0,17820 SE 109th Ave
26185,0,615 SW Camden Ave
33176,0,2348 Pine Ridge Rd
27360,0,112 Bridge St
30591,0,4535 Hollywood Blvd
38490,0,1012 58th St N
38450,0,236 Harbor Blvd
35961,0,1389 Florida Mall Ave
33306,0,805 Sebastian Blvd #2
35754,0,7243 Forest Oaks Blvd
35282,0,1740 Main St
32708,0,94 Federal Hwy
32777,0,3830 S Hwy A1A
34417,0,7720 Excitement Dr
30008,0,9520 Bonita Beach Rd SE
35490,0,19040 Bruce B Downs Blvd
31031,0,13170 Atlantic Blvd
35665,0,14545 S Military Trail
26562,0,551 N Park Ave
37055,0,3862 Central Ave
35442,0,804 Margaret St
38305,0,801 Tyrone Blvd N
16105,0,520 Collins Ave
34257,0,205
38363,0,3002 W Azeele St
35129,0,110 N Federal Hwy #204
33631,0,5939 S University Dr
38017,0,301 Orange Ave
34471,0,4290 Herschel St
25624,0,181 W Broadway St
29528,0,2221 Santa Barbara Blvd
28846,0,22982 Overseas Hwy
38687,0,33649 US Hwy 19 N
24158,0,600 N Atlantic Ave
34315,0,8317 Front Beach Rd STE 7
34303,0,2975 Bobcat Village Center Rd #300
32924,0,5861 Cortez Rd W
32340,0,4067 S Tamiami Trail
35157,0,12360 66th St N
33995,0,8600 W State Rd 84
35466,0,6260 66th St N
29713,0,2134 NE 123rd St
27299,0,5255 Ocean Blvd
34653,0,813 US-1
13435,0,400 S Collier Blvd
36592,0,1525 W Broadway St
33981,0,10000 W Sample Rd
38707,0,3210 Cypress Gardens Rd
32308,0,4130 Pine Island Rd
38820,0,127 N New Warrington Rd
32627,0,4001 Swift Rd
29297,0,401 Tompkins St
34227,0,400 E Palm Ave
38791,0,6549 Superior Ave
38849,0,10328 W Flagler St
38721,0,869 Stockton St #8
38251,0,411 W New England Ave
30015,0,2800 S Ocean Blvd
38689,0,206 E McNab Rd
20990,0,1466 E Bloomingdale Ave
28376,0,5615 US Hwy 98 N
38604,0,141 S Barfield Dr
33290,0,1700 W International Speedway Blvd
38684,0,21635 Village Lakes Shopping Center Dr
33587,0,855 E State Rd 434
32480,0,2611 Mall Dr
38412,0,120 Gateway Cir #2
34387,0,30368 Overseas Hwy
31498,0,7124 SE Osprey St
33438,0,1224 NE 4th Ave
31774,0,1852 Renzulli Rd
38692,0,5445 Murrell Rd STE 103
38772,0,17184 W Dixie Hwy
38672,0,8318 Market St
38732,0,4800 26th St W
33757,0,3333 Cleveland Heights Blvd
22092,0,5926 Premier Way #134
38530,0,306 Laurel Rd E
38734,0,1025 N Nova Rd #106
32903,0,322 SW 145th Terrace
19283,0,12950 Race Track Rd
32911,0,5211 Manatee Ave W
38694,0,4205 NW 16th Blvd
32636,0,851 S State Rd 434
33451,0,8001 S Orange Blossom Trail
34477,0,1266 S Tamiami Trail
33952,0,2600 W 9 Mile Rd
38529,0,955 Registry Blvd
38663,0,4348 W Vine St
33418,0,925 N Courtenay Pkwy #22
35679,0,28410 Bonita Crossings Blvd
33283,0,1112 W Platt St
30515,0,1206 E Atlantic Ave
30752,0,12160 S Shore Blvd
38759,0,9 Fillmore Dr
34853,0,2480 E Bay Dr #13
35912,0,13725 N Dale Mabry Hwy
37938,0,1324b Lake Baldwin Ln
32472,0,122 Middle St
38101,0,9365 US Hwy 19 N Suite B
35238,0,3315 Henderson Blvd
38042,0,1540 S McCall Rd
8873,0,10 Royal Palm Pointe
37955,0,EspÃ­rito Santo Plaza
10855,0,2727 NW 43rd St
35588,0,425 Avalon Park S Blvd #600
35823,0,1374 Weston Rd
34433,0,611 Market St
36941,0,10428 US-19
37918,0,1490 Palm Coast Pkwy NW
30857,0,8721 Ortega Park Dr
32151,0,1901 Collins Ave
8246,0,6500 SW Archer Rd
35386,0,30669 US Hwy 19 N
32031,0,9703 Collins Ave
37903,0,2208 1/2 NE 123rd St #2180
30971,0,11402 NW 41st St
35121,0,3150 S Orange Ave
37927,0,2759 S Ridgewood Ave
14267,0,417 Racetrack Rd NW
35560,0,A1A N
36606,0,6700 Conroy Rd
38535,0,1000 E Robinson St
32615,0,6705 W Waters Ave
35579,0,633 E Baldwin Rd
28595,0,480 North Orlando Avenue #110
35852,0,3085 S Federal Hwy
36844,0,7000 S Dixie Hwy
27127,0,4926 New Broad St
35537,0,5300 NW 87th Ave
38003,0,1400 Palm Bay Rd NE
38055,0,1513 James L Redman Pkwy
35784,0,2500 SW 37th Ave
35808,0,1222 SE 47th St
30412,0,917 N Pennsylvania Ave
33993,0,451 4th St N
35503,0,213 N Parsons Ave
34081,0,13224 W Broward Blvd
38176,0,10945 N Military Trl
38266,0,3335 NW Treasure Coast Dr
24286,0,7000 SW 62nd Ave
34027,0,13790 Bridgewater Crossings Blvd
34148,0,3915 A1A S #104
33115,0,451 E Altamonte Dr
38508,0,3115 W Bay to Bay Blvd
32487,0,111 Grand Palms Dr
32977,0,7310 Central Ave
22690,0,383 N Alafaya Trail
27954,0,3699 Airport-Pulling Rd
17659,0,15200 Jog Rd
8038,0,5100 N 9th Ave
38096,0,1101 10th Ave W
34904,0,1900 Okeechobee Blvd
4220,0,194 E Granada Blvd
32461,0,1004 Bichara Blvd
32616,0,1045 SE Ocean Blvd #1
24265,0,1813 E John Sims Pkwy
32707,0,5463 Gateway Village Cir #102
23593,0,2000 Estero Blvd
38116,0,1348 SW 160th Ave
37995,0,1467 S University Dr
38344,0,9108 Wiles Rd
35351,0,625 S Ft Harrison Ave
34246,0,14424 N Dale Mabry Hwy
37961,0,7536 N Dale Mabry Hwy
38270,0,2345 Bee Ridge Rd
32291,0,1200 N University Dr
31469,0,2 Independent Dr
37440,0,2950 Tamiami Trail N
31243,0,2006 Town Plaza Ct
33491,0,6318 Trail Blvd
30205,0,6051 Estero Blvd
37610,0,134 California Blvd
19334,0,1510 SE 46th Ln
8361,0,651 S Collier Blvd
37631,0,935 N Beneva Rd #713
37394,0,2927 SW High Meadow Ave
35290,0,3448 Lithia Pinecrest Rd
31403,0,306 E Lake Rd S
37577,0,146 N Nova Rd
36204,0,2245 49th St N
37491,0,1010 Kennedy Dr STE 403
37499,0,557 Park St
37798,0,7357 International Pl STE 101
37639,0,6533 Superior Ave
33873,0,3939 Cheval Blvd
37670,0,8888 SW 136th St
35965,0,1423 N Federal Hwy
30358,0,1323 Lafayette St
32569,0,1875 S Patrick Dr
37623,0,106 W 6th St
33317,0,2894 W Lake Mary Blvd #1008
34157,0,1989 US-17
37498,0,10417 Spring Hill Dr
36642,0,604 Duval St
33728,0,4310 S Hopkins Ave
669,0,4750 Amelia Island Pkwy
37581,0,8823 River Crossing Blvd
37487,0,4883 Glover Ln
29057,0,8595 College Pkwy
37974,0,1008 S Ridgewood Ave
25996,0,75 Alafaya Woods Blvd
37687,0,7729 Collier Blvd #504
37843,0,211 Mowat School Rd
33299,0,429 Canal St
35646,0,4530 St Johns Ave
8870,0,4407 Sheridan St
35781,0,890 N Federal Hwy
35780,0,2441 S Woodland Blvd #103
33039,0,1826 NE Miami Gardens Dr
7972,0,631 N Hyer Ave
37816,0,3100 NW 2nd Ave #401
35534,0,11471 W Oakland Park Blvd
37868,0,499 NE Spanish River Blvd
5385,0,5811 4th St N
8820,0,1852 N Nob Hill Rd
34134,0,236 River Beach Dr
34820,0,12161 W Linebaugh Ave
29030,0,15871 Pines Blvd
37783,0,15 W Main St
35449,0,111 SE 2nd St
37849,0,8184 Navarre Pkwy
37736,0,1617 Hillcrest St
32474,0,28272 US Hwy 19 N
34811,0,15428 SW 88th St
37703,0,2011 NE 163rd St
37916,0,6251 Park Blvd N #9E
37357,0,2441 3rd St S
37150,0,4755 PGA Boulevard
37391,0,3718 Tamiami Trail suite B
37246,0,Wind
37149,0,5773 NW 7th St
37315,0,2388 N Federal Hwy
37269,0,124 S West Shore Blvd
37166,0,2723 Belle Haven Dr
37312,0,422 SW Akron Ave
37310,0,913 Gulf Breeze Pkwy STE 15
36854,0,27750 Old 41 Rd
37322,0,9900 W Sample Rd
37264,0,101 Plaza Real S
37411,0,110 7th Ave E
37036,0,2985 Enterprise Rd
37105,0,1460 3rd St S
37382,0,5380 S Kirkman Rd
37531,0,140 Wild Blueberry Way
37367,0,2814 Weston Rd
34327,0,801 NW 37th Ave
37450,0,3501 N Ponce De Leon Blvd
37281,0,205 NE 5th Terrace
34874,0,4588 NE 2nd Ave
37416,0,601 Brickell Key Dr
37387,0,2729 E Oakland Park Blvd
37455,0,4652 E Hwy 20 #100
37287,0,830 21st St #4
37445,0,942 NE 62nd St
37430,0,6601 N Davis Hwy
21639,0,3418 Handy Rd
14449,0,1001 FL A1AAlt
37409,0,1125 Townpark Ave #1031
16520,0,1361 13th Ave S
895,0,711a N Orange Ave
37359,0,1118 Florida Ave
37346,0,2622 NW 43rd St
37412,0,9526 NE 2nd Ave #103
36945,0,4284 Okeechobee Blvd
37103,0,17860 SE 109th Ave #615
37072,0,214 W Main St
36957,0,620 E Colonial Dr
36937,0,2914 Bee Ridge Rd
37034,0,633 Brevard Ave
37025,0,20351 Summerlin Rd #109
37075,0,1200 Deltona Blvd #16
36995,0,2108 N Federal Hwy
37013,0,1514 Immokalee Rd #103
36805,0,2300 NE 62nd St
37198,0,7517 W Sample Rd
37017,0,6653 Lake Worth Rd
36999,0,113 S Oak Ave
37186,0,911 Lithia Pinecrest Rd
37185,0,3042 N Federal Hwy #305
18406,0,8618 Citrus Park Dr
37173,0,4636 SE 9th Pl
37132,0,2950 Tamiami Trail N #5
36799,0,8313 Lockwood Ridge Rd
36820,0,410 E Dania Beach Blvd
36685,0,1894 SE Port St Lucie Blvd
36876,0,2508 NE 8th Ln
36788,0,3610 SE Federal Hwy
34829,0,13695 86th Ave N
36874,0,100 Coronado Dr
36840,0,5923 SW 8th St
36847,0,5821 N Federal Hwy
34615,0,8000 W Broward Blvd
36896,0,26251 S Tamiami Trail
34557,0,27831 S Tamiami Trail
36836,0,855 Vanderbilt Beach Rd
36549,0,1880 NE 170th St
36494,0,962 Candlelight Blvd
36486,0,5919 Factory Shops Blvd
13137,0,2380 S Dixie Hwy
19399,0,461 Kingsley Ave
36691,0,2299 S Ridgewood Ave
36356,0,5934 Okeechobee Blvd
36583,0,8627 Citrus Park Dr
36589,0,481a S John Sims Pkwy
30695,0,4400 Bayou Blvd
34162,0,3932 Swift Rd
36492,0,1602 NE Miami Gardens Dr
22616,0,3300 W 84th St
36060,0,6735 Conroy Windermere Rd
14725,0,1500 Masters Blvd
35060,0,165 Brazilian Ave
36051,0,237 Lookout Pl
35944,0,605 Front St
36031,0,2271 S University Dr
33251,0,1607 N Marion St
34969,0,300 Mary Esther Blvd
34822,0,4305 Spanish Trail
36167,0,4325 Henderson Blvd
23495,0,3200 US-441
36206,0,398 N Congress Ave #23
12842,0,5245 University Pkwy #101
36707,0,9590 Applecross Rd #102
36279,0,751 E 3rd Ave
32859,0,3957 58th St N
34955,0,925b S Tamiami Trail
36165,0,2041 N University Dr
32574,0,9472 NE 2nd Ave
34453,0,12548 Lake Underhill Rd
36208,0,2435 Brunello Trace
34434,0,7251 International Dr
34988,0,7609 Davie Road Extension
35059,0,111 S Surf Rd
31285,0,250 Racquet Club Rd
32996,0,315 S Washington Ave
31903,0,2445 Collins Ave
31868,0,161 Ocean Dr
30514,0,6202 Presidential Ct Suite B
30713,0,11547 Lake Underhill Rd
31255,0,4711 N Dixie Hwy
33310,0,1660 Market St
11184,0,1081 WP Ball Blvd
31700,0,2621 Enterprise Rd #600
32268,0,1451 Middle Gulf Dr
51,0,660 NE Ocean Blvd
27123,0,2475 E 9 Mile Rd
28270,0,7968 SW 8th St
31906,0,930 Cocoanut Ave
31456,0,1145 US-1
24977,0,500 S Duncan Dr
32991,0,4580 Donald Ross Rd
33380,0,101 N Orange St
15157,0,400 S Orlando Ave
36281,0,10552 SW Village Pkwy
30911,0,8847 San Jose Blvd
23713,0,14830 Captiva Dr
32685,0,1394 Coral Way
28744,0,1503 NW Federal Hwy
8654,0,283 Cranes Roost Blvd
33678,0,665 Harold Ave SUITE A
31411,0,2910 Borden St
31568,0,16415 NW 67th Ave
32311,0,99228 Overseas Hwy
30666,0,1809 E Colonial Dr
31522,0,904 Lee Blvd #108
18903,0,1309 S Flagler Dr
26686,0,605 Celebration Ave
33680,0,6801 Collins Ave
21649,0,4603 4th St N
8195,0,1611 S Apollo Blvd
35760,0,308 W Highland Dr
33481,0,13240 Tamiami Trail N
30993,0,1045 9th Ave N
33393,0,1934 Salk Ave
17718,0,4434 Central Ave
34826,0,105 Jazz Dr
35358,0,205 W M.L.K. Jr Blvd
36339,0,4640 Park Blvd N
35426,0,2751 Enterprise Rd #103
33169,0,17749 Hunting Bow Cir
36398,0,600 Palm Springs Dr
26566,0,2885 SW 3rd Ave
25155,0,9729 N Armenia Ave
33366,0,17158 NE 19th Ave
36061,0,8366 SW 8th St
15008,0,8060 Grand Lely Dr
30687,0,2059 9th St N
25307,0,4385 Collins Ave
31067,0,1143 Toledo Blade Blvd
36111,0,6387 Central Ave
11449,0,726 Vassar St
17259,0,796 Crestview Cir NW
31383,0,315 Doris Dr
36732,0,3100 W San Carlos St
36194,0,5030 Champion Blvd D7
36116,0,U.S. Hwy 441
36343,0,19 Dr. M.L.K. Jr St S
36197,0,625 Whitehead St
33628,0,1185 W Granada Blvd
30213,0,2941 5th Ave N
21917,0,214 E New York Ave
36662,0,651 S Broad St
32967,0,203 N Clarke Rd
28877,0,306 Government Ave
31725,0,11111 San Jose Blvd
34187,0,1104 S Ocean Shore Blvd
32746,0,10010 S Federal Hwy
28069,0,35587 US Hwy 19 N
33777,0,801 Turner St
31324,0,1699 Mayo Dr
16819,0,3654 Henderson Blvd
32819,0,927 Beville Rd
33483,0,301 Camino Gardens Blvd
34054,0,920 US-1
26808,0,1515 N Federal Hwy
24885,0,1030 Camphor Ln
34090,0,17886 US-41
32360,0,1026 Bloomingdale Ave
17286,0,2441 NW 43rd St
36444,0,3448 W Hillsboro Blvd
31138,0,2842 S Ocean Blvd
24378,0,11021 Southern Blvd
31132,0,3955 N Federal Hwy
20784,0,2201 58th St N
30308,0,15971 McGregor Blvd
25966,0,9805 Gulf Dr
29217,0,3547 E County Hwy 30A
36561,0,2016 N Flamingo Rd
33298,0,9460 E Colonial Dr
22398,0,15801 S Dixie Hwy
25704,0,3165 McMullen Booth Rd
19288,0,2905 Traverse Trail
31230,0,5227 US Highway 98 South
31837,0,5158 Dr Phillips Blvd
36458,0,835 Cheney Hwy
36507,0,6160 SW State Rd 200
9949,0,5001 Coconut Rd
18596,0,11248 W Hillsborough Ave
17401,0,1071 S Tuttle Ave #1
36455,0,1056 E Osceola Pkwy
24505,0,307 Via De Palmas
22244,0,3684 Old Canoe Creek Rd
32910,0,2040 NE 49th St
33676,0,10 N Ocean Blvd
33715,0,1517 Hillcrest St
36054,0,16118 Marsh Rd
31142,0,220 S 3rd St
36351,0,1905 NW Federal Hwy
33735,0,15702 SW 72nd St
36007,0,645 W Hallandale Beach Blvd
26248,0,1255 SW Thelma St
36364,0,2631 NW 41 St
36355,0,777 N Donnelly St
34036,0,2101 Estero Blvd
21333,0,4441 Collins Ave
31885,0,4969 Volunteer Rd
15652,0,23269 FL-7
33517,0,1065 5th Ave N
34048,0,1045 N John Young Pkwy
36517,0,470 W New England Ave
31025,0,514 SE Dixie Hwy
36708,0,202 Towne Center Cir
34902,0,1683 NE 123rd St
35740,0,149 2nd St N
30420,0,7294 SW 117th Ave
32003,0,15170 Municipal Dr
36407,0,1803 E Broadway St
29510,0,4203 N Central Ave
35512,0,3014 Coral Way
36389,0,306 Washington St
36321,0,913 E Brandon Blvd
36425,0,1800 Woolbright Rd
36386,0,991 N University Dr
36429,0,5135 W Cypress St
36431,0,602 N University Dr
36413,0,6152 N U.S. Hwy 41
36401,0,6606 10th Ave N
36611,0,3615 S Dale Mabry Hwy
31011,0,205 SW 84th Ave
14932,0,5701 N Florida Ave
36640,0,4122 NW 16th Blvd
36610,0,6150 Metrowest Blvd
36348,0,3417 NW 97th Blvd
34812,0,8368 SW 40th St
36258,0,625 E Alexander St
36667,0,93997 Overseas Hwy
29110,0,3642 Madaca Ln
36221,0,242 E Highland Ave
36207,0,4801 S Tamiami Trail
36220,0,601 N Fort Lauderdale Beach Blvd
36305,0,8333 Gunn Hwy
36620,0,412 Longfellow Blvd
36162,0,6151 Miramar Pkwy
32018,0,116 S Park Ave
36294,0,1640 Sheridan St
30965,0,2823 S Orange Ave
33611,0,2404 Ruth Hentz Ave
17858,0,305 Kingsley Lake Dr #702
16927,0,190 Florida A1A #1
34727,0,13055 W Sunrise Blvd
32766,0,863 4th Ave S
30479,0,2413 NE 11th Ave
32378,0,7401 Wiles Rd #109
29175,0,2314 E Sunrise Blvd
24570,0,1820 Riggins Rd STE 1
32591,0,303 NE 167th St
28331,0,9315 San Jose Blvd # 1
31558,0,208 Avenue E
31770,0,2398 Weston Rd
30918,0,9410 Seminole Blvd
19349,0,114 Palmetto St STE 6
36097,0,1509 49th St S
17981,0,630 Lincoln Rd
28474,0,3842 Flatiron Loop
33257,0,400 Gran Bahama Blvd
29409,0,1000 NE 56th St
17017,0,821 Canal St
28309,0,5959 Approach Rd
30601,0,30 N Ring Ave
36483,0,18271 Pines Blvd
20901,0,6501 NW 36th St
36759,0,4226 53rd Ave E
36769,0,11730 Biscayne Blvd #104
32264,0,1601 Collins Ave
36749,0,71 SE 1st Ave
36738,0,935 N Beneva Rd
36754,0,182 S Yonge St
36309,0,10625 W Atlantic Blvd
15231,0,140 NE 2nd Ave
35420,0,5222 1st Ave N
25035,0,5020 4th St N
30274,0,3830 W Neptune St
34214,0,1809 NE 24th St
33473,0,2855 S Hopkins Ave
33602,0,126 N Orange Ave
32551,0,1246 S Dixie Hwy
34867,0,330 S Pineapple Ave
28332,0,119 N Kings Ave
33000,0,3400 Gulf Blvd
32986,0,746 SW Federal Hwy
33088,0,3730 Tampa Rd
33742,0,602 Brevard Ave
34410,0,8983 Okeechobee Blvd
31632,0,17066 Collins Ave
27805,0,1775 N University Dr
24877,0,2281 SW 27th Ave
312,0,7123 FL-54
31648,0,8210 W Flagler St
30031,0,102 S Palm Ave
28338,0,319 1st St S
30852,0,633 Sebastian Blvd
31269,0,465 Oakland Ave
32020,0,726 6th St
33547,0,10295 Collins Ave
30747,0,3092 Tamiami Trail N
29964,0,105 E Church St
33106,0,8195 N Military Trl
31352,0,4280 Professional Center Dr
33365,0,955 Candlelight Blvd
33548,0,812 SW Glenview Ct
8506,0,1451 Drexel Ave
16074,0,1506 W Garden St
35653,0,11300 Legacy Ave
35595,0,61 Hawks Cay Blvd
36298,0,3358 E Gulf to Lake Hwy
32376,0,2040 Polk St
34339,0,2000 N Ocean Blvd
33847,0,120 N Tropical Trail
30510,0,2900 W Sample Rd
33983,0,1120 E Kennedy Blvd
34294,0,101 N Clematis St
33578,0,6160 N Lockwood Ridge Rd
35414,0,649 Vassar St
35292,0,730 Overlook Dr
34000,0,19940 Mona Rd #3
35310,0,359 Scotland St
34679,0,13010 Metro Pkwy
33155,0,531 Main St Suite B
34247,0,6052 Van Dyke Rd
33495,0,2901 Collins Ave
31300,0,345 E Robertson St
38220,0,325 Poinsetta Ave
37997,0,1950 Thomasville Rd
224,0,3200 4th St N
34066,0,8152 W Broward Blvd
34583,0,3339 Virginia St R1
36628,0,1801 US-19
35771,0,9739 W Broward Blvd
31479,0,4111 N Andrews Ave
31102,0,6963 E Fowler Ave
32149,0,â€‹1550 W Cleveland St
34536,0,714 E Palmetto Park Rd
36835,0,1209 Park Lake St
36397,0,1790 SW 27th Ave
35995,0,4525 Collins Ave
34104,0,1004 Delridge Ave
33530,0,726 S Colorado Ave
35055,0,8903 Regents Park Dr STE 130
38342,0,116 E Sugarland Hwy
32816,0,1910 Wells Rd
35413,0,2907 16th St N
34069,0,6208 S Dixie Hwy
32789,0,11555 Central Pkwy STE 604
38700,0,130 Commercial Way
31802,0,8415 W McNab Rd
32367,0,2054 FL-436 #116
30165,0,6490 Central Ave
38744,0,320 E Railroad Ave
38183,0,8230 S Tamiami Trail
38646,0,7175 N Davis Hwy STE H
30878,0,1369 Main St
35250,0,13721 SW 152nd St
29866,0,917 Beville Rd
34034,0,13968 W Hillsborough Ave
32521,0,772 Country Club Dr
30882,0,218 SW Atlanta Ave
37110,0,1297 S Ferdon Blvd
34940,0,5787 Vineland Rd
38177,0,228 E Pine St
35787,0,6948 Collins Ave #202
29475,0,4017 Henderson Blvd
36865,0,6400 Pembroke Rd
37461,0,1165 Gulf Breeze Pkwy
37979,0,1191 U.S. 41 Bypass S
32573,0,800 E Hallandale Beach Blvd #24
35777,0,2321 E Fowler Ave
36542,0,200 Henderson Resort Way
34767,0,3074 Cypress Gardens Rd
35110,0,1808 Tamiami Trail
36682,0,99 Eglin Pkwy NE
34337,0,1829 S University Dr
32468,0,1526 Garden St
1963,0,120 Faulkner St
32899,0,4026 Land O' Lakes Blvd
35594,0,15271 NW 60th Ave #101
35455,0,605 W Bloomingdale Ave
38776,0,3755 Military Trail
34879,0,2274 FL-87
34392,0,1545 Collins Ave
32409,0,235 3rd St S
35592,0,3691 Woolbright Rd
34561,0,168 W Dearborn St
33442,0,1205 N Courtenay Pkwy
35798,0,3697 Crown Point Ct
32960,0,11358 S Cleveland Ave
37058,0,29152 US Hwy 19 N
31550,0,10300 Southside Blvd
33162,0,4750 Florida Ave S
32055,0,509 S Olive Ave
37640,0,3385 S US Hwy 17 92
33832,0,426 Canal St
37383,0,3814 S Clyde Morris Blvd
32504,0,5535 Marquesas Cir
37675,0,1500 Main St
36672,0,10480 US-1
31584,0,222 US-1 #8
34951,0,6001 Brick Ct
37501,0,108 W 3rd Ave
31022,0,12204 Miramar Pkwy
34029,0,145 Cypress Point Pkwy
37467,0,403 Federal Hwy
37745,0,1089 N Collier Blvd
37617,0,2701 SW 37th Ave
35192,0,10880 Pines Blvd
35959,0,5 NE 2nd St
35902,0,11910 Pines Blvd
36681,0,34904 Emerald Coast Pkwy
33488,0,1012 E Silver Springs Blvd
34948,0,119 Traders Alley
35708,0,1807 Airport Blvd
35278,0,6522 S Tamiami Trail
35476,0,229 Bellagio Cir
35334,0,108 Bartram Oaks Walk
35629,0,94 E McNab Rd
30657,0,615 N Ocean Blvd
38526,0,i
38651,0,6166 SW 8th St
34685,0,5712 Lawton Dr
32324,0,2748 Windguard Cir #102
35046,0,2341 Collins Ave
35486,0,10130 Northlake Blvd
34593,0,2344 Bee Ridge Rd
37875,0,360 SE 1st St
37820,0,416 Northwood Rd
34662,0,603 E University Ave
33872,0,663 Brandon Town Center Dr
34171,0,10716 Wiles Rd
37092,0,13511 Hibiscus St
37570,0,2701 Gulf Breeze Pkwy
33020,0,207 SW 2nd Ave
37744,0,2034 E Oakland Park Blvd
37797,0,357 SE Port St Lucie Blvd
33122,0,2701 SW College Rd #601
34532,0,213 6th St
34507,0,2039 W First St #6
32901,0,1717 Collins Ave
38531,0,12734 Kenwood Ln #31
38562,0,303 Lake Ave
36823,0,36613 US Hwy 19 N
37164,0,779 N Alafaya Trail
33258,0,10015 Park Pl Ave
34127,0,206 37th Ave N
37220,0,346 Corey Ave
37856,0,540 N Ridgewood Ave
35287,0,4996 W Atlantic Blvd
32109,0,20 W Dakin Ave
30143,0,829 Simonton St
37459,0,5916 Johnson St
9660,0,3039 49th St N
37873,0,3017 Lakeland Highlands Rd
38699,0,7939 Biscayne Blvd
36159,0,11160 W Oakland Park Blvd
31286,0,8200 US-98
37434,0,251 NE 167th St
34945,0,3852 W Waters Ave
35947,0,1109 Del Prado Blvd S
35399,0,5905 N Federal Hwy
32809,0,1250 McDuff Ave S
32353,0,4244 S Tamiami Trail
37203,0,2722 W Waters Ave
35930,0,1727 N Atlantic Ave
29759,0,421 Federal Hwy
33730,0,11043 Countryway Blvd
34898,0,197 N Yonge St
39315,0,1642 Main St
35216,0,4616 San Juan Ave
39630,0,41 N Orlando Ave
33662,0,1342 Colonial Blvd #909
39332,0,18219 Pines Blvd
39472,0,7500 Ulmerton Rd
36233,0,5311 Gulf Dr
39416,0,1825 Tamiami Trail B2
33796,0,133 E Palmetto Park Rd
39305,0,18990 S Tamiami Trail
30827,0,2800 SW 24th Ave #404
39429,0,4404 Florida Ave S #2
39364,0,460 SW 8th St
39039,0,1728 SE Port St Lucie Blvd
39893,0,10960 Sheldon Rd
39308,0,112 S Armenia Ave
39739,0,11926 SW 8th St
35424,0,7205 Estero Blvd
39581,0,289 SW Port St Lucie Blvd
39681,0,1601 S Atlantic Ave
39376,0,3385 S US Hwy 17 92 #237
39335,0,3852 Killearn Ct
33018,0,475 Central Ave #101
37165,0,17741 SW 2nd St
35643,0,10640 N 56th St
34888,0,1751 E Commercial Blvd
38666,0,11828 Front Beach Rd
36287,0,4452 Weston Rd
36934,0,5711 Bowden Rd #4
36607,0,1536 NE Jensen Beach Blvd
35338,0,397 E Altamonte Dr
39043,0,155 Majorca Ave #208
38786,0,6516 Old Brick Road
35056,0,156 N County Hwy 393
38139,0,1333 S Ridgewood Ave
38257,0,1233 Cleveland St
29875,0,12115 Panama City Beach Pkwy
29911,0,3660 US-90
39544,0,1455 NW 107th Ave
34772,0,31475 US Hwy 19 N
39447,0,3960 Hypoluxo Rd
36861,0,7007 N Wickham Rd STE 102
34946,0,9250 College Pkwy
34260,0,2020 W Pensacola St
36774,0,235 St Joe Plaza Dr
5305,0,7420 S Dixie Hwy
38882,0,15200 Jog Rd B14
35637,0,4255 Henderson Blvd
35343,0,14518 N Florida Ave
32737,0,2786 N Roosevelt Blvd
38009,0,9657 Bay Pines Blvd
40742,0,8613 Old Kings Rd S
40698,0,1159 Federal Hwy
40756,0,10 Cypress Point Pkwy #104
40760,0,3245 Rolling Oaks Blvd
40478,0,1003 N Monroe St
40728,0,31133 US Hwy 19 N
40463,0,3532 N Ocean Blvd
40559,0,315 S Palmetto Ave
31465,0,9089 W Atlantic Ave #108
40387,0,9951 Atlantic Blvd #322A
40344,0,1 Florida Park Dr N
40510,0,3773 NE 163rd St
37474,0,210 Apollo Beach Blvd
40398,0,7689 Lake Worth Rd
34454,0,103 S Boulevard
40615,0,30569 US Hwy 19 N
40538,0,4787 N Congress Ave
40209,0,635 Primera Blvd
40019,0,18 Goodrich Ave
40564,0,10707 66th St N
33818,0,6016 Manatee Ave W
39885,0,4863 Park St N
40472,0,6100 Seminole Blvd
39677,0,5060 W Colonial Dr STE 101
39824,0,327 S Park Ave
37400,0,4770 Barnes Rd S
40069,0,2791 SE Ocean Blvd
40421,0,417 10th Ave W
39596,0,3900 NW Blitchton Rd
39721,0,1750 E Commercial Blvd
39641,0,1040 US-98
39448,0,21334 St Andrews Blvd
39881,0,2251 Sarno Rd
39482,0,7401 N Federal Hwy
39826,0,10977 Overseas Hwy
40291,0,4320 Deerwood Lake Pkwy
40546,0,1225 2nd St
39994,0,17765 SW 2nd St
33834,0,2655 S University Dr
40227,0,324 S Falkenburg Rd
40057,0,10342 Roosevelt Blvd N
33428,0,10506 N Kendall Dr
41027,0,611 4th St N
41143,0,505b Northlake Blvd
41109,0,34940 Emerald Coast Pkwy
41032,0,8595 Beach Blvd #306
41350,0,5454 N University Dr
39394,0,4454 Weston Rd
41355,0,3618 St Johns Ave
36567,0,2223 N Westshore Blvd
32959,0,4661 Tamiami Trail N
41063,0,0 Duval St
34179,0,2647 N Andrews Ave
40803,0,945 SW Main Blvd
40897,0,4076 FL-44
40906,0,7341 W Sand Lake Rd #1017
41057,0,17035 S Dixie Hwy
40471,0,700 Court St
30325,0,1135 Pasadena Ave S
34992,0,3800 S Tamiami Trail
35585,0,4301 N Wickham Rd
40755,0,10f St Johns Medical Park Dr
37780,0,3401 N Miami Ave
40844,0,13301 US-19
40483,0,605 United St
40735,0,5540 Gall Blvd
39323,0,1204 Simonton St
41053,0,400 Hibiscus Ave
41354,0,777 E Atlantic Ave #102
41180,0,1948 NE 123rd St
37762,0,607 1st Ave SW
39057,0,10451 US-441
30699,0,7440 Wiles Rd
41526,0,651 W Indiantown Rd STE F
40719,0,880 SW Martin Downs Blvd
41451,0,2820 Gibson Rd Suite A
28437,0,20 Hypolita St
29443,0,1301 Alton Rd
40618,0,17751 Murdock Cir
40700,0,1486 Belleair Rd
40714,0,7318 Lake Worth Rd
40678,0,1257 Airport-Pulling Rd
40758,0,6315 N Federal Hwy
40625,0,6246 Massachusetts Ave
41192,0,8512 Cooper Creek Blvd
40888,0,133 W Marion Ave
32606,0,943 NE 19th Ave
32030,0,280 S State Rd 434
39683,0,13800 Jog Rd #104
34123,0,2712 E Atlantic Blvd
40672,0,8794 W Boynton Beach Blvd #105
39635,0,830 Neapolitan Way
34859,0,258 SE 6th Ave #7
35729,0,6201 Lynn Rd
30195,0,1000 W Buena Vista Dr
34785,0,4637 N University Dr
19796,0,17260 Harbour Pointe Dr
31464,0,652 Beal Pkwy NW
37968,0,2340 SE Ocean Blvd
34801,0,1382 6th St NW
9728,0,455 Grand Bay Dr
35229,0,1114 N University Dr
36502,0,612 NE 2nd St
35191,0,4809 S Military Trail
32373,0,3511 S Conway Rd
34523,0,232 SW 8th St
38598,0,980 NE 126th St
35782,0,700 N Tamiami Trail
41527,0,3000 Florida Ave
32596,0,54 Vining Ct
40551,0,5000 Coconut Creek Pkwy
32482,0,2841 S Nova Rd
34348,0,2176 Nursery Rd
39590,0,1858 3rd St S
39920,0,1187 Florida Mall Ave #120
29479,0,1701 N Ocean Shore Blvd
38972,0,10500 Ulmerton Rd
40260,0,6901 22nd Ave N
35921,0,1426 S Atlantic Ave
33327,0,2582 S Atlantic Ave
41381,0,2406 NW 87th Ave
17881,0,1499 Yamato Rd
40975,0,4545 W Kennedy Blvd
30173,0,6255 Lake Osprey Dr
31636,0,5000 US-17
30694,0,215 E 7th Ave
32688,0,1796 Thomasville Rd
39185,0,30004 County Line Rd
36830,0,9460 W Linebaugh Ave
35993,0,400 Mandalay Ave
34667,0,1068 4th St N
40914,0,917 Beville Rd Suite B
40215,0,203 S Moody Ave
39832,0,1422 66th St N
35043,0,975 Gateway Blvd
34106,0,7119 W Broward Blvd
35916,0,800 Pinebrook Rd
35017,0,323 Westshore Plaza
32994,0,575 75th Ave
36534,0,2511 S Dixie Hwy
38168,0,139 N Federal Hwy
17140,0,711 N Flagler Dr
40761,0,185 Waymont Ct
40834,0,2270 Weston Rd
34333,0,9566 NW 41st St
39501,0,2095 Pine Ridge Rd
40732,0,4935 Southfork Dr
41473,0,32815 US Hwy 19 N
41467,0,7858 Turkey Lake Rd
41315,0,7026 Coral Way
38633,0,469 Atlantic Blvd
33086,0,8608 Griffin Rd
34478,0,108
41425,0,1210 16th St N
18881,0,11 S Boulevard of the Presidents
35786,0,2070 Meadowlane Ave
34502,0,628 N Indiana Ave
41372,0,1841 W Fairbanks Ave
41136,0,108 4th Ave S
35234,0,670 North Orlando Avenue
40339,0,3460 Mariner Blvd
39828,0,4104 W Linebaugh Ave
37909,0,11611 City Hall Promenade
41474,0,348 Miracle Strip Pkwy SW
40972,0,4956 Le Chalet Blvd
40882,0,5454 Central Florida Pkwy
34886,0,317 9th Ave N
41356,0,4100 E Bay Dr
34109,0,2364 Tamiami Trail E
32805,0,1604 SE 3rd Ct
37707,0,817 Simonton St
41528,0,23 Broadway
35259,0,2910 Kerry Forest Pkwy
41106,0,4970 N University Dr
31956,0,6230 W Indiantown Rd
40008,0,1980 9th St N
27469,0,120 Federal Hwy
40266,0,1299 S Beneva Rd
39534,0,1316 NW Federal Hwy
41185,0,1685 Powell St
38205,0,2516 McMullen Booth Rd
41407,0,661 W Lumsden Rd
40681,0,6932 22nd Ave N
40467,0,3447 Pine Ridge Rd #102
40488,0,7722 W Sand Lake Rd
30598,0,16701 Collins Ave
40499,0,937 Edgewood Ave S
40574,0,185 US-27
40662,0,140 University Town Center Dr
36750,0,709 E Palmetto Park Rd
40434,0,2549 1st Ave S
41320,0,710 W Princeton St
38639,0,1406 S Narcoossee Rd
19928,0,3910 S Washington Ave #109
33770,0,500 NE Spanish River Blvd #35
35058,0,2294 Mayport Rd
18241,0,14838 S Military Trail
1436,0,21301 Powerline Rd #215
27309,0,11103 N 56th St
31344,0,301 Albee Rd W
20659,0,5885 Whitfield Ave
37834,0,590 Edgewood Ave S
41463,0,900 Fox Valley Dr
33668,0,15829 Pines Blvd
988,0,1070 S Wickham Rd
32086,0,6996 Piazza Grande Ave
40477,0,4868 Davis Blvd
30910,0,1214 Bowman St
39498,0,19575 Biscayne Blvd #399
40586,0,11951 International Dr
12845,0,224 Southpark Cir E
40347,0,5606 Woodbine Rd
41312,0,4902 W Waters Ave
38036,0,3100 U.S. 1 Ste 4A South
34554,0,24880 Burnt Pine Dr
41437,0,444 N Dillard St
34956,0,537 Virginia Dr
41427,0,100 McAbee Ct
41341,0,8849 Tamiami Trail N
17383,0,7508 W Sand Lake Rd
9159,0,4103 W Neptune St
23935,0,815 George Bush Blvd
41259,0,6905 S Dixie Hwy
40682,0,150 Pine Lake Drive B
31579,0,5887 Sunset Dr
41132,0,2863 S University Dr
31099,0,2210 S Tamiami Trail
35051,0,2108 W Kennedy Blvd
41310,0,5109 Manatee Ave W
41229,0,139 Beal Pkwy SW Unit 102
40583,0,505 High St
40697,0,276 S University Dr
37000,0,459 Brandon Town Center Dr
40686,0,17605 Lakewood National Parkway
41078,0,2140 W King St
40369,0,1013 Kane Concourse
13711,0,5717 Derek Ave
39053,0,5540 SW 8th St
41162,0,1011 Rockledge Dr
40084,0,10205 Wilsky Blvd
40128,0,8836 Seminole Blvd
40125,0,23520 FL-54
40187,0,1533 W New Haven Ave
40116,0,7414 S Dixie Hwy
41202,0,131 Market St
40588,0,2200 N Ocean Blvd
40797,0,11680 US-1 #60
40913,0,1894 S 14th St #4B
40786,0,422 E Palmetto Park Rd
40490,0,13632 W Hillsborough Ave
40406,0,3822 S Dale Mabry Hwy
40602,0,412 Mountain Dr
33503,0,20 W Wentworth St
40881,0,1875 N Corporate Lakes Blvd #200
40796,0,3073 Commercial Way
40475,0,175 S Nova Rd
40865,0,533 W Twincourt Trail #703
41061,0,6800 Gulfport Blvd S
31626,0,18351 Pines Blvd
40903,0,555 W Granada Blvd
40825,0,29 Quincy Cir
34211,0,1011 W Hallandale Beach Blvd
40186,0,700 S Colorado Ave
31481,0,103 W Oak Dr
40794,0,13569 Panama City Beach Pkwy
40591,0,767 17th St
40811,0,9080 Golfside Dr
41410,0,15000 Emerald Coast Pkwy
41009,0,3845 Seaside Dr
30383,0,4829 Coronado Pkwy
40695,0,3733 Southside Blvd #4
40035,0,2978 Old Dixie Hwy suite B
29836,0,2723 Maguire Rd
40016,0,6630 Collins Ave
39944,0,2000 E Oakland Park Blvd
40325,0,200 Central Ave
39979,0,1144 Ocean Dr
23539,0,4222 Creighton Rd
25861,0,431 E New York Ave
39961,0,5820 S MacDill Ave
40066,0,1408 N Killian Dr #208
40458,0,11941 S Apopka Vineland Rd
40276,0,7200 International Dr
40007,0,4947 Tamiami Trail N #206
40120,0,2049 Little Rd
40241,0,3213 Manatee Ave W
40258,0,4270 Tamiami Trail E #8
40287,0,73 Eglin Pkwy NE #101
40277,0,17 Via De Luna Dr
40228,0,102
40255,0,3554 NE 12th Ave
40526,0,240 S Jefferson St
30664,0,10209 Gibsonton Dr
40446,0,697 N Semoran Blvd suit # E
40257,0,563 Tamiami Trail #1
39932,0,30 N Summerlin Ave
40886,0,95 E Eureka Ct
40386,0,2301 Del Prado Blvd S #810
40305,0,435 S Chickasaw Trail
40237,0,740 S Colorado Ave
40980,0,1949 County Rd 419
40568,0,6911 Municipal Dr
40567,0,222 NE 79th St
40462,0,24160 FL-54 #3
40374,0,957 SE Federal Hwy
40294,0,1260 Beach Blvd
40348,0,540 E McNab Rd Suite D
40157,0,3440 Conway Blvd #1D
40188,0,1517 E Robinson St
40015,0,4420 S Hwy 27 #6
39760,0,10789 Biscayne Blvd
39766,0,728 SW Pine Island Rd
39524,0,937 Fleming St
39853,0,5714 Clark Rd
39802,0,4706 Chiquita Blvd S
39825,0,822 N Miramar Ave
37016,0,14700 Tamiami Trail N #24
37490,0,150 N Indiana Ave
39809,0,6971 N Federal Hwy #404
39840,0,4959 Coconut Creek Pkwy
39806,0,13873 Wellington Trace B7
39949,0,620 N New Warrington Rd
29965,0,1800 Hermitage Blvd
39870,0,209 Nassau St S #102
39831,0,3801 N University Dr
39838,0,6431 E County Line Rd
39919,0,2500 S Ferdon Blvd #200
39791,0,17604 Collins Ave
39702,0,18140 Collins Ave
39928,0,1819 West Ave #5
39945,0,13730 SW 84th St
40426,0,11670 U.S. Hwy 1 N
39929,0,20400 Trailside Dr
40391,0,6236 Kingspointe Pkwy #7
40099,0,2132 Michigan Ave
39902,0,161 Minutemen Causeway
39865,0,660 Florida Central Pkwy
39940,0,7245 SW 57th Ct
39910,0,14819 N Florida Ave
39953,0,5298 Sunbeam Rd
40240,0,8149 State Rd 52
40040,0,1018 Park St
40033,0,2603 Ponce de Leon Blvd
40051,0,11210 Hutchison Blvd
40336,0,2355 Vanderbilt Beach Rd
40430,0,1894 Drew St
39608,0,1928 Proctor Ave
39389,0,1430 S Dixie Hwy #103
33829,0,2088 Hawthorne St
39401,0,158 Eglin Pkwy NE
29937,0,6060 Collier Blvd #104
39314,0,15908 W State Rd 84
39318,0,3014 Michigan Ave
39319,0,1768 Sea Lark Ln
39415,0,3710 W Kennedy Blvd
39386,0,7431 W Atlantic Ave #33
39510,0,414 N Dixie Hwy
36424,0,2500 Tamiami Trail N
39543,0,4801 N Federal Hwy #300
26393,0,4169 Lamson Ave
39135,0,1131 NE 163rd St
39515,0,9521 Shellie Rd STE 15
30356,0,105 E 13th St
39554,0,4037 Clark Rd
39344,0,1817 San Marco Rd
39622,0,481 Richard Jackson Blvd
39356,0,175 SW 7th St STE 1708
39451,0,101 1st Ave N
35617,0,494 W Hillsboro Blvd
39388,0,210 Beech St
39637,0,340 E New York Ave
39331,0,103 N Meridian St
35884,0,7224 W Colonial Dr
39761,0,14352 N Dale Mabry Hwy
39745,0,1365 Beville Rd
39729,0,6889 Eagle Watch Dr #225
39707,0,818 Garden St
39743,0,610 S Armenia Ave
39656,0,1625 SE US Hwy 19
34863,0,1322 E Lumsden Rd
39751,0,6679 Lake Worth Rd
39623,0,4140 16th St N
39682,0,275 Babcock St
33863,0,10333 Seminole Blvd
39770,0,903 25th Dr E
36545,0,4951 Tamiami Trail N
39562,0,1495 Legends Blvd
39512,0,1500 Gateway Blvd
39709,0,5584 W Sample Rd
39742,0,495 NE 4th St #9
39689,0,840 SW 81st Ave
39735,0,9810 Baymeadows Rd #3
5212,0,Naples
5320,0,120 International Pkwy #128
5115,0,115 Professional Dr #106
737,0,7533 Ulmerton Rd
7890,0,3292 Stirling Rd
7871,0,400 N Tampa St #610
633,0,480 S Hunt Club Blvd
13668,0,8911 Daniels Pkwy
15277,0,13820 Old St Augustine Rd
9051,0,1825 S University Dr
14928,0,504 Pasadena Ave S
564,0,10464 Roosevelt Blvd N
700,0,3227 NW Federal Hwy
7942,0,6318 Rowan Rd
5148,0,521 Lake Ave #1
7881,0,4242 N Federal Hwy
904,0,3613 US-231
850,0,910 NE Eller St
7825,0,87 Harbor Dr
15258,0,734 W 49th St
12983,0,192 N Federal Hwy
13832,0,9866 Baymeadows Rd
13430,0,1123 NW 76th Blvd
3872,0,1518 N Donnelly St
775,0,15951 Captiva Dr
9841,0,105 S Osceola Ave
14531,0,5915 Factory Shops Blvd
10185,0,5343 Gulf Dr
10553,0,12153 W Linebaugh Ave
13276,0,4942 US-98
15094,0,3105 Grand Ave
9887,0,770 Monroe Rd
11547,0,10036 Cross Creek Blvd
11603,0,1725 W Fletcher Ave
11052,0,30602 US Hwy 19 N
781,0,12783 Forest Hill Blvd
14078,0,8410 W Flagler St
15458,0,3009 Co Rd 540A
13046,0,3080 Bee Ridge Rd
18,0,415 S Orlando Ave
14191,0,10954 Sheldon Rd
11788,0,19651 Bruce B Downs Blvd
11730,0,556 S Pineapple Ave
10935,0,2855 University Pkwy
14491,0,90 Spires Ln
19602,0,16249 Biscayne Blvd
19579,0,10438 W Atlantic Blvd
22002,0,211 Circle Park Dr
21477,0,122 E Lakeview Ave
4756,0,405 5th Ave
19769,0,9600 SW 8th St
14406,0,5135 N Florida Ave
21058,0,4081 Tamiami Trail N
21580,0,16915 NW 67th Ave
21164,0,17073 Pines Blvd
19728,0,1201 Arapaho Ave
21377,0,732 N Thornton Ave
20896,0,19501 Biscayne Blvd
21744,0,1631 Dr M.L.K. Jr St N
21493,0,95750 Amelia Concourse
15646,0,721 SE 17th St
21661,0,12801 W Sunrise Blvd
3475,0,3301 W Boynton Beach Blvd
21226,0,11681 Boyette Rd
19104,0,9469 W Atlantic Blvd
20661,0,3601 W Commercial Blvd
9063,0,13161 McGregor Blvd
20656,0,117 Barlow Ave
8971,0,501 Mirasol Cir
19171,0,1897 Palm Beach Lakes Blvd
11784,0,917 E Silver Springs Blvd
19604,0,2275 S Federal Hwy
19079,0,1 Grand Cypress Blvd
27920,0,2607 NW 20th St
26475,0,2400 S Ridgewood Ave
28118,0,145 Madeira Ave
19843,0,3627 W Azeele St
10900,0,2827 Alt US Hwy 27 S
29445,0,7754 SW 88th St
31320,0,770 4th Ave S
19740,0,500 W Granada Blvd
29664,0,1504 E Bearss Ave
14713,0,9259-9469 Sheridan St
30058,0,349 Miracle Mile
12336,0,199 N State Rd 7
12233,0,501 S Goldenrod Rd
27485,0,258 S Tamiami Trail
24697,0,12237 W Linebaugh Ave
2531,0,2653 Bruce B Downs Blvd
27550,0,9065 SW 87th Ave
21069,0,11000 Beach Blvd
311,0,1437 Main St
21809,0,3495 Gulf Breeze Pkwy
32077,0,401 Venture Dr
4637,0,612 Alt 19
33647,0,1850 W Fairbanks Ave
33675,0,5 N Hwy A1A
31651,0,1806 S Osprey Ave
33966,0,3251 N University Dr
34030,0,1933 W Brandon Blvd
31813,0,1240 N University Dr
34153,0,24037 SW Nautilus Blvd
33804,0,2142 NE 123rd St
34374,0,1463 Town Center Dr E
30512,0,1909 Capital Cir NE
34092,0,2114 Drew St
32758,0,2822 Corrine Dr
33985,0,8726 NW 26th St #8
35269,0,115 N Orange St
35494,0,969 SE Central Pkwy
31492,0,3224 E Bay Dr
33208,0,158 N Atlantic Ave
35228,0,3300 Dr M.L.K. Jr St N
35659,0,2499 Glades Rd #202
32026,0,11601 Sheldon Rd
33674,0,500 Mandalay Ave
35523,0,20 Racetrack Rd NW
34024,0,1685 Collins Ave
34519,0,464073 FL-200 #5
34340,0,415 3rd St S
32224,0,713 Lithia Pinecrest Rd
30831,0,1 Duval St
35336,0,21301 Powerline Rd #101
35090,0,12377 S Cleveland Ave #1A
35145,0,277 McLeod St
30241,0,332 Skinner Blvd
27865,0,1000 E Cervantes St
35164,0,7163 W Oakland Park Blvd
33242,0,1000 Pga Tour Blvd
34824,0,1959 34th St N
34349,0,7350 Futures Dr suite 22
33864,0,1245 Michigan Ave
34636,0,18206 Collins Ave
31490,0,701 S Orange Ave
33596,0,1790 Florida A1A STE 206
33883,0,2700 Sand Mine Rd
32983,0,Coundouriotis Facial Plastic Surgery and Laser Center
33543,0,17320 Panama City Beach Pkwy STE 106
34300,0,3636 W Kennedy Blvd
33604,0,4960 Tamiami Trail N
34494,0,1313 W Boynton Beach Blvd
34032,0,823 US-1
33500,0,1958 E Osceola Pkwy
31784,0,12969 SW 112th St
33433,0,1218 Park Ave
33595,0,1996 N Future Terrace
34816,0,1025 7th Ave N
31600,0,1949 Athens Ave
33767,0,1455 Semoran Blvd #299
32220,0,745 N University Dr
29588,0,124 NW Madison St
32200,0,2415 N Monroe St
31409,0,272 3rd St S
31961,0,696 Bald Eagle Dr
33502,0,5275 Babcock St NE
30777,0,12620 Beach Blvd
30071,0,835 E New York Ave
12042,0,3962 5th Ave N
30530,0,10660 Forest Hill Blvd
31134,0,6822 W Waters Ave
31319,0,5905 Webb Rd
21404,0,328 S Tamiami Trail
31308,0,5901 Sun Blvd suite 205
393,0,931 Village Blvd #903
32895,0,7324 State Rd 52
30574,0,3715 W Azeele St
29818,0,2 Sorrento Dr
23973,0,5222 Lenox Ave
31603,0,501 Mary Esther Blvd
30953,0,22828 Overseas Hwy
37135,0,844 Anchor Rode Dr
35596,0,10179 W Colonial Dr
37366,0,1218 Cleveland St
37114,0,4021 NW 53rd Ave Rd
37162,0,905 N Stone St
35701,0,6190 W Sample Rd
35783,0,5458 Town Center Rd #26
36360,0,287 N Collier Blvd
33440,0,126 E Hallandale Beach Blvd
31003,0,120 May St
29403,0,5820 20th St
37154,0,2250 NE 163rd St
36648,0,2637 S Atlantic Ave
34604,0,148 Woodruff Ave E STE B
35949,0,2011 1st Ave N
35942,0,7819 N Dale Mabry Hwy #201
36765,0,605 Simonton St
37372,0,2633 E Commercial Blvd
37349,0,2153 Wilton Dr
37060,0,13604 W State Rd 84
34567,0,220 Miracle Mile
34819,0,6240 Coral Ridge Dr #103
33024,0,830 Central Ave
34584,0,9059 4th St N
35532,0,303 Broadway
35459,0,353 Main St
36742,0,1075 Main St
34169,0,243 N Plumosa St
35979,0,1343a International Pkwy S
35085,0,106 Center St
35028,0,189 E Mitchell Hammock Rd
33947,0,4802 Grand Blvd
34188,0,10341 Royal Palm Blvd
34293,0,3216 NE Maple Ave
35396,0,5515 Roosevelt Blvd
36088,0,117 N 7th Ave
31777,0,32668 US Hwy 19 N
34373,0,658 Oakfield Dr
35171,0,73 Eglin Pkwy NE #104
33637,0,7229 Central Ave
31382,0,10363 NW 41st St
35181,0,7063 Radio Rd
35655,0,1220 Cleveland St
35648,0,9660 W Sample Rd #101
33998,0,1044 Castello Dr STE 105
34254,0,3003 Dade Ave
35286,0,136 N Orchard St #7
35952,0,9735 Old St Augustine Rd
34113,0,211 Nassau St S
34643,0,2200 NE 12th Ave
35395,0,45 W Bay St
35379,0,1916 US-19
32681,0,10100 Dream Tree Blvd
35650,0,3420 NW 62nd Ave
33986,0,777 Brickell Ave
34015,0,2527 FL-7
34436,0,1500 Apalachee Pkwy
34757,0,210 Moody Blvd
31052,0,7656 Wiles Rd
35071,0,2996 Edgewater Dr
35641,0,11062 International Dr #156
33843,0,6543 Midnight Pass Rd #3
31117,0,13271 City Station Dr
34240,0,6500 N Atlantic Ave
34241,0,8280 W State Rd 84
34880,0,8620 S Tamiami Trail
34212,0,9891 Gulf Shore Dr
30892,0,4822 Manatee Ave W
35678,0,138 W Robertson St
35612,0,8274 Bee Ridge Rd
34641,0,9751 NW 41st St
34509,0,210 S Kings Ave UNIT H
34570,0,6959 Stirling Rd
34716,0,5399 Lyons Rd
36140,0,208 E Colonial Dr
35635,0,1564 W 37th St
32226,0,8383 S Tamiami Trail
33590,0,1044 Montgomery Rd
34837,0,8550 NE 138th Ln
35814,0,2711 Killarney Way
34470,0,4055 Clark Rd
35233,0,1024 E Sample Rd
35196,0,159 N Powerline Rd
35677,0,315 NE 3rd Ave
33682,0,6220 S Orange Blossom Trail #603
35436,0,1239 1st Ave N
35012,0,929 N Monroe St
37854,0,16055 Emerald Coast Pkwy
34637,0,2203 W Dekle Ave
33805,0,1850 Rye Rd E
35978,0,2900 Tamiami Trail N
34347,0,64 Federal Hwy
34114,0,14912 Pines Blvd
31201,0,5618 Grand Blvd
35354,0,14388 N Dale Mabry Hwy
34111,0,10 S Main Ave
33745,0,5004 Dr Phillips Blvd
34907,0,23606 FL-54
34277,0,2015 FL-60
34292,0,118 S Barfield Dr
3602,0,636 S Osprey Ave
4973,0,333 41st St
3955,0,7520 NW 5th St # 202
4949,0,699 5th Ave S
260,0,2301 SE 17th St
130,0,4623 N University Dr
5049,0,6146 Ridge Rd
1923,0,3215 S MacDill Ave
181,0,10041 Pines Blvd SUITE B
259,0,11632 N Dale Mabry Hwy
475,0,1030 Hendricks Ave
369,0,550 Biltmore Way
4877,0,6540 FL-7
4565,0,119 Truxton Ave
4785,0,5410 Fruitville Rd
4842,0,3820 S Washington Ave
4591,0,1615 Colonial Blvd
4638,0,2511 W Swann Ave Suite 104
5021,0,11406 W Sample Rd
3723,0,2027 Flagler Ave
2384,0,1153 NE Cleveland St
4355,0,9755 W Broward Blvd
222,0,5609
4892,0,5838 SW 73rd St
5243,0,2801 Florida Ave
500,0,8216 S Tamiami Trail
4722,0,8081 Normandy Blvd
4759,0,6900 Daniels Pkwy
4841,0,282 Solana Rd
4739,0,2790 N Military Trl
5051,0,261 Miracle Mile
5246,0,1889 W State Rd 434
5000,0,4910 Tamiami Trail N #200
4465,0,5707 Red Bug Lake Rd
4344,0,8755 NW 36th St
4818,0,125 S Orange St
2395,0,2601 Palm Aire Dr N
4584,0,1250 N Broadway Ave
4993,0,689 Douglas Ave #109
13035,0,6401 66th St N
9942,0,2906 W Swann Ave
11693,0,4865 Park St N
9991,0,1300 Croton Rd
13312,0,10718 Countryway Blvd
15314,0,1096 Commercial Way
15217,0,1281 Old Dixie Hwy
11320,0,13873 Wellington Trace
703,0,1906 Glengary St
683,0,21684 US Hwy 19 N
802,0,3105 W Barcelona St
5306,0,2741 E Oakland Park Blvd
5163,0,212 W Bay Ave
5088,0,5848 54th Ave N
7764,0,10205 Stirling Rd
5405,0,2118 Tamiami Trail N
7840,0,6060 14th St W
764,0,13414 US-19
7906,0,3310 W Bay to Bay Blvd
5496,0,9840 International Dr
9184,0,997 Blanding Blvd
621,0,415 E Sheridan St
14914,0,3306 W Spruce St
9155,0,12 E University Ave
5139,0,4020 W Kennedy Blvd #105
5219,0,1500 Apalachee Pkwy
751,0,106 E Bloomingdale Ave
714,0,228 N Park Ave
12581,0,4282 W Linebaugh Ave
11800,0,1844 Fiddler Ct STE B
12140,0,1312 Dunn Ave
24591,0,400 Saint Andrews Boulevard
12968,0,3325 W Gandy Blvd
27324,0,6534 Gunn Hwy
22668,0,4450 NE 20th Ave
18465,0,312 NW Bethany Dr
22808,0,1235 Alton Rd
22355,0,505 S Adams St
24145,0,1641 Bonaventure Blvd
26521,0,411 E Central Blvd
26450,0,717 NE 79th St
26093,0,833 Donald Ross Rd
26616,0,31 57th St N
26617,0,1305 Paul Russell Rd
26506,0,8908 4th St N STE B
26412,0,524 Arthur Godfrey Rd
26399,0,4232 Cortez Rd W
26011,0,1310 SW 13th St
20075,0,607 S Alexander St
26365,0,303 NE 3rd Ave
26347,0,3040 W Cypress St #103
26764,0,404
26398,0,7904 Front Beach Rd
27153,0,915 Doyle Rd #106
26252,0,6714 Lone Oak Blvd
27066,0,3307 NE 33rd St
24386,0,3650 Harden Blvd
26641,0,7335 W Sand Lake Rd
24080,0,20505 S Dixie Hwy
26770,0,2600 Galiano St
26308,0,1511 4th St N
12777,0,5041 W Cypress St
20922,0,1932 Highland Oaks Blvd
24123,0,1912 FL-44
26385,0,7236 State Rd 52 #3
16847,0,2813 Forest Ln
13122,0,5340 US Hwy 98 N
8821,0,2883 S University Dr
2439,0,1601 E Broward Blvd
26755,0,8034 Wiles Rd
26533,0,5290 Norwood Ave
26679,0,2862 NE 8th St
10387,0,4236 St Johns Ave
25828,0,4500 SE Pine Valley St
25238,0,3950 S US Hwy 17 92
25298,0,51 Graham Ave
21357,0,2722 Manatee Ave W
25299,0,500 SW 10th St
25456,0,9300 NW 25th St
26201,0,7335 W Sand Lake Rd #131
26246,0,4265 W Lake Mary Blvd
26141,0,1499 Forest Hill Blvd
26070,0,8956 Turkey Lake Rd
26078,0,4317 W El Prado Blvd
16612,0,33550 S Dixie Hwy
26564,0,9045 La Fontana Blvd
26056,0,1955 S John Young Pkwy
26037,0,919 E Cypress Creek Rd
25886,0,11232 W Hillsborough Ave
26031,0,3619 Henderson Blvd
25179,0,303 Doris Dr
24377,0,3601 W Kennedy Blvd
10711,0,707 Harbor Blvd
24311,0,393 Center Pointe Cir
24931,0,915 S Orlando Ave
24135,0,2240 N Congress Ave
25213,0,1440 Ocean Dr
25322,0,24 N Boulevard of the Presidents
23645,0,7781 NW Beacon Square Blvd #101
18797,0,165 Southpark Blvd
20312,0,1465 WP Ball Blvd
25648,0,10395 NW 41st St
23862,0,3122 Mahan Dr
21928,0,4932 W State Rd 46
23753,0,1144 SE Port St Lucie Blvd
24129,0,5926 SE Federal Hwy
23722,0,600 Whitehead St
23881,0,2115 S Dale Mabry Hwy
23850,0,5084 Biscayne Blvd
17269,0,7016 Land O' Lakes Blvd
24252,0,618 Oakfield Dr
24418,0,11570 Panama City Beach Pkwy
24603,0,9063 Biscayne Blvd
24406,0,105 W Chapman Rd
24246,0,12430 W Atlantic Blvd
24535,0,6901 22nd Ave N
24414,0,1451 NE 4th Ave
14435,0,227 Harrison St
15022,0,3544 S Orange Ave
21122,0,6927 Red Rd
24695,0,5205 S Orange Ave
24289,0,2133 SE Federal Hwy
24532,0,8910 Miramar Pkwy
24128,0,177 NE 2nd Ave
13943,0,6501 N Federal Hwy #3
24150,0,7910 Pines Blvd
23646,0,3208 Rolling Oaks Blvd
19464,0,2717 W Kennedy Blvd
23721,0,528 W Garden St
20307,0,2525 Military Trail
17273,0,5717 US-90
23581,0,7616 SW 117th Ave
22242,0,14804 NW 140th St
18325,0,Miami International Airport (MIA)
21646,0,508a Lake Ave
23679,0,3309 Northlake Blvd
16792,0,7740 Nova Dr
12037,0,737 S Missouri Ave
19640,0,14229 SW 42nd St
18692,0,3216 W Commercial Blvd
18715,0,6200 Trail Blvd
5055,0,1345 US-1
21453,0,2645 W Osceola Pkwy
10202,0,2142 Ashley Oaks Cir
19355,0,15510 Old McGregor Blvd
22980,0,12390 SW 127th Ave
3945,0,511 N Fern Creek Ave
23131,0,5030 Champion Blvd
12086,0,6640 Old Winter Garden Rd
18709,0,3938 Northlake Blvd
21587,0,85 SE 4th Ave
19732,0,400 Celebration Pl
18907,0,2390 Griffin Rd
11951,0,135 Professional Dr
1673,0,1850 Boy Scout Dr
21835,0,12823 N Dale Mabry Hwy
22986,0,43 Merrick Way
19146,0,9533 N Citrus Springs Blvd
20254,0,1033 W Bay Dr
21932,0,4044 W Lake Mary Blvd
21672,0,3773 S Pine Ave
20495,0,3046 Cypress Gardens Rd
23014,0,4962 Tamiami Trail N
17096,0,8738 E State Rd 70
5281,0,2092 6th Ave
9491,0,2132 Gulf Gate Dr
12449,0,1695 W Indiantown Rd
16452,0,510 Pasadena Ave S
23278,0,3835 Pleasant Hill Rd
23220,0,419 W Vine St
23302,0,14924 Casey Rd
16126,0,1500 Epcot Resorts Blvd
23345,0,304 SW 140th Terrace
11304,0,8 Georgetown Ave
19824,0,2887 Kerry Forest Pkwy
23499,0,1623 St Lucie W Blvd
11774,0,8241 Cooper Creek Blvd
23294,0,911 Crandon Blvd
20066,0,10800 N Military Trl
14232,0,12801 W Sunrise Blvd
13029,0,2126 N Flamingo Rd
9187,0,10584 Old St Augustine Rd
16176,0,476
21032,0,5234 4th St N
19068,0,1096 Scenic Gulf Dr
15745,0,2000 PGA Boulevard
21442,0,8003 Turkey Lake Rd
11542,0,7633 Conroy Windermere Rd
19534,0,3409 W Fletcher Ave
5200,0,648 E New York Ave
19157,0,4021 S MacDill Ave
1435,0,244 Racetrack Rd NE
21703,0,5462 Central Florida Pkwy
21950,0,1800 S Dixie Hwy
19927,0,800 E Hallandale Beach Blvd
23171,0,557 3rd St
19762,0,6000 Glades Rd
19760,0,8777 SE Federal Hwy
19788,0,1850 Lee Rd
19383,0,7312 Royal Palm Blvd
20602,0,256 Solana Rd
19536,0,247 Malaga Ave
15922,0,1650 NE 26th St #101
18030,0,6246 N Federal Hwy
20940,0,18160 Collins Ave
5480,0,673 Kingsley Ave
17669,0,407 W Fairbanks Ave
16712,0,7401 Miami Lakes Dr
19942,0,2415 N Dixie Hwy
11019,0,8151 W Sunrise Blvd
19606,0,531 N Maitland Ave
12510,0,4921 Sheridan St
618,0,2799 NW Boca Raton Blvd
23071,0,1037 W Busch Blvd
19847,0,1894 S 14th St
248,0,807 NW 57th St
22022,0,1500 N University Dr
18429,0,205 E Eau Gallie Blvd
21432,0,4332 Forest Hill Blvd
17374,0,2965 20th St
9140,0,2709 Killarney Way STE 2
8031,0,727 N Calhoun St
20182,0,823 Thomasville Rd
21936,0,3435 N 12th Ave
22736,0,3501 S Tamiami Trail
22838,0,11611 N Kendall Dr
9806,0,3030 Holiday Dr
21192,0,130 E Altamonte Dr
12506,0,606 Wymore Rd
10189,0,3148 Southgate Cir
18025,0,5032 W Atlantic Ave
13566,0,301 Australian Ave
13561,0,2604 W Waters Ave
3942,0,1043 N Mills Ave
21220,0,60 W Plant St
20423,0,3940 3rd St S
21717,0,2910 Maguire Rd
19367,0,302 E Park St
19587,0,203 Doris Dr
5259,0,2164 Wilton Dr
2226,0,455 SW 78th Ave
2441,0,7362 Lake Worth Rd
16852,0,9210 4th St N
14433,0,200 Ocean Crest Dr
18894,0,7218 Massachusetts Ave
14771,0,36750 US Hwy 19 N
9859,0,225 N Causeway
18846,0,4125 N Federal Hwy
21628,0,8060 Via Dellagio Way
20236,0,1707 Coral Way
21031,0,1089 A1A Beach Blvd
19838,0,5024 NW 27 Ct
17181,0,174 107th Ave
19436,0,614 NE Santa Fe Blvd
18278,0,285 Via Naranjas
10664,0,13550 Reflections Pkwy
23040,0,6001 Destination Pkwy
11747,0,8410 4th St N
19741,0,8215 113th St
22358,0,1785 N Congress Ave
22522,0,1750 Tree Blvd #10
20782,0,1780 N Congress Ave
21831,0,1500 Placida Rd
19718,0,10 New Market St
20038,0,6339 Stirling Rd
21126,0,10042 W Oakland Park Blvd
22896,0,299 Camino Gardens Blvd
20884,0,11614 Countryway Blvd
19577,0,1740 E Venice Ave
22687,0,305 N Lakemont Ave
10752,0,626 N Thornton Ave
14995,0,9 Harbor Center Drive #11
21321,0,457 Kingsley Ave
19270,0,7050 W Palmetto Park Rd
22110,0,16313 S Tamiami Trail
13883,0,966 W State Rd 434
18007,0,1817 Collier Pkwy
11380,0,1705 NW 6th St
13769,0,1007 SW 1st Ave
21609,0,1991 NE 163rd St
22473,0,2032 Ashley Oaks Cir
22375,0,16401 NE 15th Ave
1194,0,4952 S Tamiami Trail
22038,0,8221 Glades Rd
17880,0,3013 Del Prado Blvd S
16825,0,9403 Cypress Lake Dr
22502,0,501 N Orlando Ave
22208,0,16355 Vanderbilt Dr
21796,0,12794 Forest Hill Blvd
22290,0,3025 Collins Ave
22218,0,919 N Monroe St
22392,0,5863 Fruitville Rd
22257,0,2199 S Woodland Blvd
22085,0,7145 22nd Ave N
22549,0,6840 SW 40th St
22237,0,7895 N University Dr
21785,0,4855 New Broad St
11414,0,601 S Dale Mabry Hwy
19748,0,6662 Parkside Dr
24860,0,11309 Countryway Blvd
27510,0,14651 Chelonia Pkwy
21349,0,115 SE Mizner Blvd
11499,0,5 Via De Luna Dr
22215,0,4178 W 12th Ave
24038,0,2056 Centre Pointe Ln
8216,0,1241 Fruitville Rd
25077,0,424 W 23rd St
23486,0,46 Royal Palm Pointe
13548,0,1793 SW 3rd Ave
22624,0,10435 Gibsonton Dr
27681,0,414 N Spring Garden Ave
16700,0,116 Magnolia Ave
17720,0,1460 Washington Ave
27750,0,7199 Coastal Blvd
21051,0,4754 Florida Ave S
17477,0,7795 W Flagler St
18284,0,7635 FL-7
23866,0,5036 N Federal Hwy
21989,0,90 SW 3rd St
19712,0,4921 Cortez Rd W
9612,0,2964 Wellington Cir
13544,0,11900 Atlantic Blvd
13921,0,820 2nd St N
13106,0,1428 Brickell Ave
19538,0,5234 Central Ave
24304,0,5132 Land O' Lakes Blvd
1233,0,895 S Indiana Ave
25189,0,6869 Belfort Oaks Pl
24347,0,11352 N Williams St
22153,0,766 Indian Rocks Rd N
10022,0,10109 Montague St
27742,0,11450 W Sample Rd
27804,0,8756 SE 165th Mulberry Ln
27757,0,1075 Riverside Dr
24148,0,5240 Bank St
19807,0,904 Lithia Pinecrest Rd
27799,0,7100 Plantation Rd STE 11
23089,0,13043 Park Blvd N
25426,0,420 College Dr
21910,0,4407 Lyons Rd
15720,0,3042 N Federal Hwy
22541,0,16741 Gulf Blvd
22162,0,12101 W Sunrise Blvd
28056,0,10020 Coconut Rd
27806,0,8604 Griffin Rd
22859,0,18921 NW 2nd Ave
1432,0,8949 Taft St
4005,0,6503 N 12th St
26357,0,2136 Ashley Oaks Cir
22640,0,1606 NE Miami Gardens Dr
24282,0,2565 NE Indian River Dr
27812,0,3177 W Vine St
28068,0,9400 Gladiolus Dr #108
16821,0,122 43rd Ave
9760,0,13969 NW 67th Ave
16077,0,213 Turner St
11935,0,16600 Panama City Beach Pkwy
23362,0,1006 St Lucie W Blvd
21671,0,16213 Miramar Pkwy
25478,0,4118 Town Center Blvd
21788,0,290 Knox McRae Dr
15278,0,801 Virginia Dr
25700,0,4956 US-90
18883,0,7270 Kyle Ct
23605,0,28811 S Tamiami Trail
9116,0,5924 Thomas Dr
25653,0,17940 N Military Trl
21979,0,5018 Grande Dr
21118,0,5081 Sheridan St
17660,0,507 E Magnolia St
28077,0,6370 Pine Ridge Rd #101
20100,0,13660 SW 88th St
23500,0,530 49th St S
17134,0,401 4th Ave
25292,0,1118 Pelican Bay Dr
394,0,2208 NE 11th Ave
19727,0,14200 SW 8th St
11899,0,1261 S Pine Island Rd
19905,0,343 Aragon Ave
17815,0,1490 W State Rd 434
16247,0,20754 W Dixie Hwy
24659,0,210 E Intendencia St
22595,0,The Village at Gulfstream Park - Building 9
17258,0,2894 W Bay Dr
16868,0,116 S Oregon Ave
20840,0,6070 N Lockwood Ridge Rd
28013,0,2627 Edgewater Dr
25004,0,1121 Professional Park Dr
24639,0,9550 SW 137th Ave
18501,0,6030 Florida Ave S
26112,0,5619 Coral Ridge Dr
27332,0,2312 NE 9th St
25442,0,279 SW Port St Lucie Blvd
27262,0,2065 Siesta Dr
16421,0,200 SW Albany Ave
18071,0,4247 W Kennedy Blvd
20948,0,213 E Sheridan St #5
27199,0,10601 San Jose Blvd
27198,0,217 NE 97th St
18654,0,1182 Ocean Shore Blvd
24339,0,4369 W 16th Ave
23682,0,13 Ryant Blvd
16360,0,250 37th Ave N
20111,0,4551 Grand Blvd
15907,0,402 Babcock St #101
15330,0,539 N Birch Rd
24032,0,1355 N Atlantic Ave
22323,0,2601 4th St N
2854,0,91 SE 1st Ave
21920,0,11613 Red Rd
15632,0,546 Avenue A NE
27213,0,15260 SW 280th St
11964,0,1116 Belcher Rd
26326,0,9160 NW 122nd St
7746,0,1553 N Cocoa Blvd
12726,0,2870 Gulf Breeze Pkwy
13275,0,1321 N Palm Ave
19110,0,833 W Bay Dr
12030,0,9326 Little Rd
19866,0,7848 Land O' Lakes Blvd
22650,0,1662 E Oakland Park Blvd
13597,0,2110 Creighton Rd
14789,0,8730 Fountain Ave
20301,0,1861 Cordova Rd
21902,0,113 Curtiss Pkwy
2624,0,4508 Croton Dr
18966,0,209 N Goldenrod Rd
22060,0,1660 SW Bayshore Blvd
23150,0,1041 Professional Park Dr
11058,0,82205 Overseas Hwy
27426,0,5900 Hiatus Rd #100
25086,0,8934 SE Bridge Rd
23723,0,8226 W Flagler St
23109,0,3000 Hunter's Creek Blvd
21734,0,4375 Southside Blvd
19893,0,10123 W Oakland Park Blvd
23309,0,1300 Lee St
18863,0,2665 E Commercial Blvd
27244,0,1104 Key Plaza
27677,0,5300 1st Ave N
21919,0,624 21st St
27642,0,6136 Winthrop Town Centre Ave
11612,0,1550 6th St SE
23084,0,9040 Bonita Beach Rd SE
26305,0,202 9th Ave S
24926,0,2083 Indian River Blvd
19499,0,920 NW 8th Ave
24597,0,11200 E M.L.K. Jr Blvd
27170,0,2211 Edgewater Dr
4407,0,3833 S Nova Rd
20272,0,1221 Cleveland St
20881,0,1229 N University Dr
17210,0,7749 Lake Worth Rd
10253,0,635 School House Rd
21396,0,1506 66th St N
23286,0,2138 NE 123rd St
25530,0,915 N Nova Rd
17873,0,1111 E Broward Blvd
19839,0,833 N Alafaya Trail
20035,0,3010 W Swann Ave
19719,0,109 E Olympia Ave
11467,0,13028 Race Track Rd
23867,0,17445 US-192
17026,0,7310 W McNab Rd #107
16683,0,10799 SW Tradition Square
19625,0,4819 San Juan Ave
20339,0,2090 S Nova Rd
25220,0,117 S 9th St
21574,0,4948 S Tamiami Trail
16286,0,4151 Woodlands Pkwy
15397,0,904 Kenny Dr
21373,0,210 Oakfield Dr
20792,0,1251 US-27
4924,0,2701 Kurt St
21276,0,8109 Cooper Creek Blvd
18897,0,8315 W Flagler St
8970,0,103 Centre St
23274,0,166 Florida A1A
15752,0,1600 Dr M.L.K. Jr St N
18180,0,222 Pasadena Ave S
18619,0,7035 Southpoint Pkwy
15927,0,3006 Del Prado Blvd S
22212,0,2513 Edgewater Dr
25842,0,819 Virginia Dr
19711,0,245 E Park Ave
50,0,4209 St Johns Ave
17862,0,2435 SE Dixie Hwy
22132,0,3608 Kiessel Rd
14243,0,1585 N Park Dr
25434,0,4405 Bayou Blvd
24163,0,17429 Bridge Hill Ct
23043,0,320 S Quadrille Blvd
11302,0,2056 S University Dr
15843,0,3436 Bee Ridge Rd
8298,0,3415 N Monroe St
27075,0,12809 SW 42nd St
12808,0,110 N Kirkman Rd
25175,0,7100 S Military Trail
27167,0,1586 NE 8th St
21383,0,14212 W Newberry Rd
16079,0,1129 Pennsylvania Ave
12793,0,415 E Michigan St
18273,0,7758 Wallace Rd
26462,0,2955 Enterprise Rd
22059,0,822 Anchor Rode Dr
24487,0,1712 Cape Coral Pkwy E
14844,0,990 N State Rd 434
15489,0,3 Sebastian Ave
18041,0,3020 Lamberton Blvd
22759,0,2121 10th Ave N
26746,0,2230 Ashley Oaks Cir
27212,0,17230 W Dixie Hwy
25606,0,3095 S Federal Hwy
18919,0,17673 N Dale Mabry Hwy
12433,0,10394 W Sample Rd
22480,0,2291 Timbercrest Dr
19469,0,181 S Ocean Ave
11545,0,7101 S Tamiami Trail
23789,0,1210 International Pkwy S
26939,0,3452 W Hillsboro Blvd
10199,0,924 Meadow Ln
20787,0,5007 N Davis Hwy
22263,0,1450 Court St
25969,0,947 N Orange Ave
15412,0,916 Cape Coral Pkwy E
676,0,1629 Mahan Center Blvd
8552,0,1345 2nd St
21957,0,5641 Red Bug Lake Rd
23215,0,6006 SW 18th St
23334,0,1096 12th St
12313,0,320 S State Rd 7
15228,0,34848 US Hwy 19 N
27015,0,3709 W McKay Ave
15312,0,283 Royal Poinciana Way
9429,0,7501 SW 40th St
25759,0,17045 S Dixie Hwy
19488,0,2906 Thomas Dr
27074,0,3710 W Azeele St
24187,0,2005 W 62nd St
22296,0,2626 Edgewater Dr
23612,0,45 Prospect Rd
19049,0,335 Pineda Ct
10497,0,209 S Moon Ave
18896,0,6169 Jog Rd
26961,0,16 N Fort Harrison Ave
22000,0,127 Tampa Ave E
15244,0,4492 N University Dr
15873,0,14908 E Orange Lake Blvd
26821,0,1019 N Federal Hwy
25410,0,3750 Maryweather Ln
27442,0,1015 E Fort King St
24913,0,8429 Honore Ave
18963,0,214 Main St
20592,0,1441 Tamiami Trail
23121,0,5695 Naples Blvd
11708,0,1694 Market St
9018,0,3366 NW 13th St
19446,0,3831 Hendricks Ave
13488,0,206 Howard St
12006,0,4676 Okeechobee Blvd
16230,0,13124 N Dale Mabry Hwy
18989,0,2203 Sawgrass Village Dr
12330,0,5645 Gulf Dr
9766,0,245 S Ronald Reagan Blvd
23159,0,1919 Aloma Ave
8479,0,1427 Market St
12557,0,10981 Countryway Blvd
25341,0,7293 Navarre Pkwy
22704,0,7300 Sand Lake Commons Blvd
26420,0,5511 Hanley Rd
26090,0,626 E 3rd Ave
15711,0,Integrative Physical Medicine
11632,0,4433 Edgewater Dr
18920,0,2018 66th St N
22173,0,2425 Mahan Dr
23650,0,1917 Cordova Rd
9699,0,19575 Biscayne Blvd #375
9574,0,509 S Tamiami Trail
19967,0,725 Virginia St
16116,0,20 N Tarragona St
23399,0,8358 Mills Dr
24091,0,301 S Gulfview Blvd
25900,0,1441 Court St
27048,0,6160 Ulmerton Rd
7959,0,13801 N Dale Mabry Hwy
27218,0,420 E Call St
22463,0,1839 Holman Dr
27457,0,9449 Collins Ave
27351,0,1181 71st St
27092,0,935 SW 87th Ave
16867,0,1004 Broadway
24830,0,17120 Royal Palm Blvd
8214,0,2074 Thomasville Rd
25707,0,18465 Pines Blvd
24722,0,10025 N Dale Mabry Hwy
29876,0,1707 St Lucie W Blvd
15865,0,4221 Bee Ridge Rd
30546,0,24 N 6th St
28149,0,5636 E Hillsborough Ave
25755,0,12000 Indian Rocks Rd
4776,0,323 Page Bacon Rd STE 1
30877,0,24 Beal Pkwy SW
25651,0,13992 SW 8th St
28758,0,1700 W New Haven Ave
30732,0,2121 S Hiawassee Rd
28393,0,1481 SE 17th St
29786,0,777 E Merritt Island Causeway
22019,0,10812 Providence Oaks Dr
30943,0,100 Plaza Real S STE J
30686,0,3120 S Kirkman Rd
28673,0,2560 FL-50
12457,0,13 Nicholas Pkwy W
30147,0,450 Saint Charles Court
23370,0,1821 Bruce B Downs Blvd
30834,0,37722 Geiger Rd
21757,0,45 W Crystal Lake St
28030,0,2730 NW 39th Ave
26642,0,2158 Drew St
26698,0,1545 E Oakland Park Blvd
28402,0,2837 1st Ave N
28010,0,3190 Aerial Way
28240,0,3946 SW Archer Rd
30940,0,10913 Countryway Blvd
28664,0,14100 U.S. Hwy 1
27738,0,1008 Airport Rd
18498,0,46 N Homestead Blvd
27265,0,2430 S Bay St
30450,0,2910 Maguire Rd #1002
24350,0,900 N Atlantic Ave
13334,0,11800 Shipwatch Dr
17316,0,320 SE 10th Ct
22526,0,4810 W Gandy Blvd
13998,0,1140 SE 3rd Ave
20269,0,7711 Grand Blvd
30163,0,4040 Tampa Rd
12162,0,7574 Pembroke Rd
19066,0,10609 Ulmerton Rd
21239,0,8850 4th St N
11983,0,5780 Swift Rd
27393,0,2802 W Azeele St
17435,0,457 Avalon Park S Blvd
30811,0,1000 Bass Blvd
31034,0,21740 S Tamiami Trail #103
29235,0,1108 S Dale Mabry Hwy
15662,0,641 Mandalay Ave
30798,0,8970 SW 72nd Ct
15636,0,2414 Raden Dr
27099,0,611 E Atlantic Blvd
30893,0,6901 Okeechobee Blvd D13
30501,0,24830 S Tamiami Trail #1900
19772,0,3405 Pelican Landing Pkwy
30388,0,5105 SE 26th St
30550,0,2685 E Oakland Park Blvd
26196,0,2706 US-19 ALT #113
30709,0,3467 Pine Ridge Rd #102
30759,0,6607 S Semoran Blvd #104
24428,0,402 4th St N
30627,0,18245 NW US Hwy 441
25570,0,322 S Marion Ave
30338,0,3131 NE 163rd St
30389,0,828 W Indiantown Rd STE 104
30037,0,6550 International Dr
30029,0,6765 W Newberry Rd
30019,0,17375 Collins Ave
30038,0,2796 SW Mapp Rd
30048,0,4207 S Tamiami Trail
30170,0,4707 W Gandy Blvd
30123,0,99 S Alcaniz St
29979,0,4469 Mobile Hwy
9173,0,35 S Boulevard of the Presidents
29753,0,1701 Collins Ave
17270,0,7535 N Kendall Dr
29806,0,15979 Biscayne Blvd
29840,0,34876 US Hwy 19 N
29793,0,1939 Del Prado Blvd S
32138,0,700 Bayfront Pkwy
18481,0,12107 San Jose Blvd
29910,0,17931 Biscayne Blvd
29976,0,8466 Northcliffe Blvd
28969,0,1219 Cape Coral Pkwy E
32005,0,801 N Orange Ave
29908,0,1303 Winter Springs Blvd
16333,0,3117 Ocean Dr
29863,0,163 N Hiatus Rd
25382,0,3405 Brook Crossing Dr
29747,0,1704 N Donnelly St
29639,0,29 Old Kings Rd N
29257,0,2430 E Commercial Blvd
29029,0,6914 Cypress Rd
32125,0,905 Brickell Bay Dr
33140,0,3555 S Ocean Dr
19008,0,467 Wilma St
29992,0,2322 Pine Ridge Rd
30018,0,10035 Cleary Blvd
31380,0,1180 Eglin Pkwy
19134,0,725 S Apollo Blvd
33273,0,1940 NE 5th Ave
33279,0,1445 Main St N
31988,0,270 S County Rd
29589,0,200 Federal Hwy
29699,0,720 S Dixie Hwy #2
29296,0,200 NE 2nd Ave #112
29314,0,301 W Bay Dr
29498,0,5575 A1A S #111
29497,0,1575 Pine Ridge Rd STE 7
29448,0,1219 E Tarpon Ave
29386,0,10031 Pines Blvd STE 103
29414,0,8250 SW 40th St
29344,0,1407 Viscaya Pkwy #4
29466,0,3639 Henderson Blvd
29490,0,2804 James L Redman Pkwy #105
29306,0,799 Brickell Plaza #803
29717,0,6885 SW 18th St SUITE B2-3
24519,0,1120 Mississippi Ave
29513,0,130
29638,0,7100 Fairway Dr #33
29496,0,272 Brevard Ave
15598,0,5801 Braden Run
29065,0,1675 W 49th St
28932,0,132a Perry Ave SE
29022,0,2213 7th Ave
28892,0,5275 University Pkwy #104
28838,0,938 W Lumsden Rd
28837,0,255 Miracle Strip Pkwy SE
28728,0,1002 NW 23rd Ave
23051,0,2424 E Las Olas Blvd
29177,0,2000 Palm Bay Rd NE STE 4
28903,0,106 N Park Ave
22501,0,6554 S Kanner Hwy
29036,0,2871 Clayton Crossing Way #1033
28369,0,817 Duval St
28126,0,15321 Latitude Dr
28187,0,235 Sunrise Ave
13731,0,3420 Duck Ave
28252,0,702 Grandview Ave
25428,0,217 Ave D SW
28108,0,5606 N Nebraska Ave
28227,0,6537 Gunn Hwy
28190,0,415 S Pineapple Ave
28346,0,900 N Federal Hwy #107
28381,0,127 SW Cashmere Blvd
28378,0,1401 Gulf Blvd #3
28144,0,111 2nd Ave NE #202
17901,0,1048 Florida Ave S
28349,0,3425 Bayside Lakes Blvd SE
24698,0,2503 SW 27th Ave
28117,0,8726 NW 26th St
25574,0,9661 Bay Pines Blvd
27760,0,865 4th Ave S
22462,0,3565 NE 163rd St
11530,0,41 Flynn Dr
24945,0,311 NE 2nd St
29130,0,6426 Bowden Rd #201
29191,0,5419 Airport-Pulling Rd
29080,0,3091 Anderson Snow Rd
29162,0,4400 Bayou Blvd STE 53
28635,0,103 E Lucy St #135
28634,0,351 Main St
28440,0,780 NE 69th St #208
28732,0,12627 San Jose Blvd STE 504
28458,0,13505 Icot Blvd #201
25702,0,1831 3rd St N
28489,0,12958 SW 133rd Ct
28564,0,6844 E Fowler Ave
25802,0,26212 US Hwy 19 N
14590,0,520 1st Ave SW
28365,0,12197 W Linebaugh Ave
28336,0,705 Executive Dr
16201,0,441 E Airport Blvd
28325,0,4820 NW 2nd Ave
28462,0,1836 S Federal Hwy
28034,0,12691 S Dixie Hwy
25002,0,325 S Orange Ave
28408,0,208 Tamiami Trail #116
28464,0,1887 Lee Rd
28405,0,2219 Gulf Dr N
14806,0,1345 SW 87th Ave
22840,0,3831 W Vine St
26449,0,1870 N Young Cir
27936,0,1910 Alden Rd
28161,0,2002 E 5th Ave UNIT 102
15774,0,2090 6th Ave
18050,0,1035 Primera Blvd
23236,0,565 W Main St
14266,0,1201 Gulf Blvd
27830,0,2132 NE 123rd St
18252,0,954 Lake Baldwin Ln
12380,0,5500 34th St W
12138,0,1175 71st St
21690,0,15 SW 107th Ave
17689,0,5234 FL-64
28097,0,9395 W Sample Rd
22347,0,11 S J St
11960,0,4970 Fruitville Rd
16150,0,654 W Indiantown Rd
14536,0,2309 49th St S
20173,0,8 HAMMOCK FALLS CIRCLE
27834,0,3945 S Nova Rd
2023,0,319 Belvedere Rd #10
18597,0,105 S Pressview Ave
16613,0,3210 W Bay to Bay Blvd
25718,0,3854 Sheridan St
25588,0,2809 E Commercial Blvd
12353,0,4624 N Armenia Ave
15495,0,2001 Collins Ave
28132,0,900 W Lancaster Rd
28084,0,4487 Weston Rd
27852,0,650 Central Ave #4
22846,0,8517 SW 136th St
12174,0,1112 Pinehurst Rd
27838,0,2840 Oak Ave
27957,0,1547 US-1
24297,0,33 S Main St
12395,0,645 Indian Rocks Rd N
22422,0,209 Beach Rd
28985,0,3325 S University Dr #123
28736,0,5687 Park Blvd N
28923,0,1611 Alton Rd
25543,0,1230 Ocean Shore Blvd
13494,0,1000 Shorewood Dr
28646,0,3159 Aerial Way
18675,0,15727 Pines Blvd
21340,0,4028 13th St
28580,0,19999 W Country Club Dr
28496,0,1322 NE 4th Ave SUITE A
28978,0,5260 S MacDill Ave
28670,0,8890 Salrose Ln
17363,0,10949 Causeway Blvd
12576,0,5367 Ortega Blvd
3499,0,1804 W Baker St STE. F
28537,0,8734 Lee Vista Blvd
28764,0,166 E Bloomingdale Ave
195,0,302 Ponte Vedra Blvd
28835,0,132 E Bloomingdale Ave SUITE B
9576,0,139 SW Port St Lucie Blvd SUITE B
8700,0,3016 Land O' Lakes Blvd
21818,0,2692 N University Dr
26484,0,4980 Royal Gulf Cir
3788,0,2218 N Flamingo Rd
24862,0,10943 Countryway Blvd
21841,0,3388 Woods Edge Cir
20070,0,18 Via De Luna Dr
23156,0,700 W Lantana Rd
21183,0,10778 Wiles Rd
11206,0,5501 38th Ave N
15766,0,1508 E Commercial Blvd
4631,0,20079 E Pennsylvania Ave
25427,0,9945 Trinity Blvd
24819,0,4801 Linton Blvd
18763,0,1620 US-1
8309,0,1031 N Commerce Terrace
16889,0,206 W 5th Ave
27690,0,1355 W Sand Lake Rd
16164,0,797 N State Rd 434
25933,0,656
21828,0,1812 FL-77
19348,0,5494 S Suncoast Blvd
11916,0,400 E Tarpon Ave
11249,0,995 Eyster Blvd
14051,0,4385 W 16th Ave
13749,0,1104 W Kennedy Blvd
15543,0,8210 W Waters Ave
18970,0,2264 S University Dr
4978,0,326 W Bearss Ave
15415,0,150 Fortenberry Rd
24810,0,118 E Pine St
14890,0,4331 N Federal Hwy
23482,0,3612 E Bay Dr
17202,0,1600 Airport Blvd
23824,0,1201 Louisiana Ave
22702,0,370 NW Alice Ave
1719,0,60 Parnell St
22524,0,6240 W Indiantown Rd
22504,0,13220 N 56th St
20303,0,444 SW Alachua Ave
19809,0,6231 Estero Blvd
9507,0,6250 Park Blvd N
22373,0,910 Mt Homer Rd
15060,0,711 3rd St S
19196,0,15880 Summerlin Rd
22955,0,8001 Plaza del Lago Dr
31036,0,5040 Clark Rd
25903,0,4270 Lake in the Woods Dr
32203,0,1520 SW Mapp Rd
32575,0,7834 W Irlo Bronson Memorial Hwy
27709,0,600 Heritage Dr
3727,0,97840 Overseas Hwy
28050,0,103 Flagler Ave
18947,0,2525 Drew St
33507,0,979 N Nob Hill Rd
33076,0,19451 S Tamiami Trail #14
31546,0,8461 W Linebaugh Ave
31293,0,1580 NW Boca Raton Blvd #6
24996,0,2092 Badlands Dr
32280,0,1664 Bruce B Downs Blvd
30762,0,563 S Main St
4974,0,2400 Yankee Clipper Dr
32232,0,3561 N Federal Hwy
32058,0,3500 Ocean Dr
33555,0,1419 10th St
29648,0,2402 Weston Rd
25383,0,1045 Riverside Ave
32188,0,41 San Marco Ave
3981,0,4373 Lynx Paw Trail
33537,0,1057 U.S. 41 Bypass S
33121,0,6200 20th St #330
31739,0,5802 N University Dr
20448,0,13668 Walsingham Rd
9201,0,4000 Sandestin Blvd S
32740,0,1408 Gay Rd
31935,0,310 N Swinton Ave
31969,0,12701 S John Young Pkwy #119
32380,0,1260 McDuff Ave S
31910,0,748 US-441
33528,0,1362 Pinehurst Dr
32833,0,11419 W Palmetto Park Rd
32767,0,1905 Hotel Plaza Blvd
33342,0,5510 PGA Boulevard #109
31890,0,Wavelengths Hair Design
32668,0,475 Seagate Dr
33021,0,3437 13th St
31948,0,1660 N Monroe St
32694,0,8591 W Linebaugh Ave
31873,0,353 6th Ave S
30005,0,2605 NE 3rd St
32954,0,1 Ocean Blvd
32854,0,3120 S Kirkman Rd #2B
32428,0,2031B Wilton Dr
32419,0,771 Village Blvd #204
32526,0,9906 W Linebaugh Ave
32337,0,13009 Summerfield Square Dr
23674,0,2255 SW 32nd Ave
22252,0,25166 Marion Ave #116
31835,0,1282 N Palm Ave
29266,0,5907 Turkey Lake Rd #112
31803,0,Miami International Business Center
31747,0,11220 Tamiami Trail N
33337,0,3028 E Commercial Blvd
32589,0,2513b Burns Rd
32753,0,2226 SE Federal Hwy
32719,0,2655 E Oakland Park Blvd #6
32647,0,4556 S Semoran Blvd
32774,0,1821 Lakewood Ranch Blvd
31569,0,2464 Coral Way
32541,0,730 Vassar St
14184,0,2001 W Kennedy Blvd
32863,0,316 Dunlawton Ave
32401,0,2851 Coral Way
17590,0,10562 Spring Hill Dr
31539,0,935 Arthur Godfrey Rd
31511,0,713 Clay St
31325,0,3730 Avalon Park E Blvd #8
31597,0,1977 Brother Geenen Way
21903,0,386 Minorca Ave
31758,0,1990 NE 163rd St
20587,0,12625 Race Track Rd
8224,0,1506 54th Ave N #1
866,0,3570 US-1
27555,0,3500 Hollywood Blvd
32976,0,4900 S Kirkman Rd
32150,0,13001 Southern Blvd
31820,0,9128 Strada Pl
31606,0,2835 Garden St
22007,0,10488 Roosevelt Blvd N
31633,0,8460 Seminole Blvd
32175,0,1507 E Las Olas Blvd
32063,0,1348 Weston Rd
32957,0,4655 Tamiami Trail N
33054,0,6074 SE Federal Hwy
21231,0,2240 S McCall Rd
33012,0,95 Cordova St
19723,0,901 Apollo Beach Blvd
31354,0,10660 Forest Hill Blvd #180
17777,0,4370 S Tamiami Trail #307
32499,0,813 W Platt St
33182,0,955 E 9 Mile Rd
28246,0,2012 Smith St
33270,0,4201 4th St N
26898,0,4900 S University Dr
27221,0,914 4th St N
1000,0,433 NW Prima Vista Blvd
27815,0,2902 Sparta Rd
31696,0,3745 Tamiami Trail E
32390,0,8844 Miramar Pkwy
33219,0,2730 FL-16 #110
30305,0,537 N Courtenay Pkwy
28395,0,7335 Aloma Ave
29890,0,160 SE 6th Ave
11361,0,607 W Bloomingdale Ave
31687,0,7353 Collins Ave
32415,0,715 N Washington Blvd STE C
32421,0,9853 Pines Blvd
27044,0,3652 Erindale Dr
19096,0,4101 Central Ave
19282,0,1912 Debarry Ave
28561,0,3034 US-27
24176,0,3102 N Federal Hwy
11599,0,10141 W Sample Rd
31176,0,286 S University Dr
24207,0,2232 NW 87th Ave
31265,0,1839 S Tamiami Trail
29315,0,943 Mall Ring Road
31435,0,20475 Biscayne Blvd SUITE G-5
24791,0,4111 W Kennedy Blvd
27784,0,1807 Alhambra St
24789,0,9030 SW 72nd Ct
27962,0,503 E Orange Ave
11557,0,4909 NW 27 Ct SUITE B
24166,0,5505 N Atlantic Ave
22662,0,3800 St Johns Ave
25436,0,7411 Collins Ave
20350,0,851 Village Blvd
19503,0,902 E New Haven Ave
31349,0,20401 FL-7
19167,0,725 W Granada Blvd
29742,0,2180 W First St
27102,0,489 S Yonge St
16944,0,3737 16th St N
29183,0,646 N Federal Hwy
30444,0,10031 Pines Blvd STE 106
26153,0,7895 Seminole Blvd #201
27343,0,2420 Minton Rd
5492,0,940 S Dixie Hwy
27137,0,1279 S Tamiami Trail
14195,0,8603 S Dixie Hwy #306
15195,0,2598 E Sunrise Blvd
30462,0,465 Patricia Ave
8150,0,2100 N 12th Ave
31476,0,1821 Purdy Ave
29197,0,3645 S Manhattan Ave
28368,0,12015 Whitmarsh Ln
29672,0,1829 Old Beach Rd
27695,0,626 N Highland St
15859,0,10782 US-1
23475,0,50 Biscayne
28531,0,4210 S University Dr
8081,0,1480 SE Village Green Dr
2239,0,1377 Deltona Blvd
29499,0,801 N Congress Ave Ste 295
28973,0,6266 S Congress Ave L4
23064,0,1000 E Atlantic Ave
26651,0,1255 S Pine Island Rd
31191,0,9561 Westview Dr
31185,0,3919 Van Dyke Rd
1871,0,9300 US-98
29155,0,480 US-27
26734,0,1500 Oakley Seaver Dr
14203,0,161 Melody Ln
31182,0,3312 W Kennedy Blvd
24063,0,3595 W 20th Ave
2089,0,104 53rd Ave E
29349,0,2582 22nd Ave N
23600,0,3843 Avalon Park E Blvd
25990,0,1913 SW 3rd Ave
31213,0,4424 Weston Rd
31144,0,151 Westward Dr
21975,0,10 Harbor Blvd
31248,0,1814 Alpine Ave
2975,0,402 N Howard Ave
11357,0,433b E Romana St
11552,0,1111 N Westshore Blvd
31147,0,1110 34th St N
2170,0,7500 SW 61st Ave
27552,0,3405 S MacDill Ave
24549,0,1816 Alpine Ave
14005,0,52 Spring Vista Dr
27327,0,210 E Brandon Blvd
27629,0,6175 54th Ave N
29542,0,17086 Collins Ave
31194,0,5332 Gulfport Blvd S
31280,0,63 Main St
29234,0,11915 Beach Blvd #105
29295,0,8260 NW 27th St #409
4481,0,8925 Klondike Rd
24582,0,5302 Central Florida Pkwy
21119,0,20633 Biscayne Blvd
28800,0,449 Federal Hwy
18783,0,890 1st St S
25326,0,3615 Florida Ave S
21969,0,256 Miracle Mile
30833,0,3859 SE Lake Weir Ave
11571,0,1606 Oakfield Dr
21670,0,9267 W Atlantic Blvd
21253,0,8081 Turkey Lake Rd
29959,0,1315 Kentucky Ave
2109,0,145 Aragon Ave
14837,0,1421 W Garden St
8231,0,4735 N Ocean Blvd
12525,0,851 W Indiantown Rd
10870,0,300 S Tamiami Trail
12491,0,9799 Glades Rd
10087,0,658 Wymore Rd
3402,0,1807 NE 2nd St
2120,0,1250 Tamiami Trail N #208
10067,0,10300 Forest Hill Blvd
1936,0,1900 S Harbor City Blvd #228
14594,0,910 NE 19th Ave
11327,0,2659 E Lake Rd S
13576,0,701 S U.S. Hwy 41
8130,0,2645 E Atlantic Blvd
8094,0,3324 NE 33rd St
12263,0,915 Alton Rd
8161,0,5300 4th St N
11734,0,6820 Forest Hill Blvd
10531,0,2940 Oak Ave
13354,0,1074 E Venice Ave
8238,0,3630 N Access Rd
1742,0,3331 Curry Ford Rd
12423,0,23008 Sandalfoot Plaza Dr
1862,0,6130 Florida A1A
1857,0,206 San Marco Ave
13473,0,5105 Turnpike Feeder Rd
8179,0,4350 Bayou Blvd
2851,0,Boca Raton
10556,0,1008 Atlantic Ave
13615,0,4787 Swift Rd
8049,0,2499 Enterprise Rd
8411,0,4626 N University Dr
10641,0,401 W Main St
1726,0,26 Clark St
11444,0,3864 San Jose Park Dr
12841,0,625 N Washington Blvd
10834,0,3111 Mahan Dr
12643,0,2211 N Dixie Hwy
13574,0,199 E Eau Gallie Blvd
10598,0,18130 Collins Ave
10578,0,1257 3rd St S
10561,0,700 E McNab Rd
13678,0,4625 Hollywood Blvd
10707,0,4526 W Village Dr
1910,0,507 N Olive Ave
1879,0,6634 Old Winter Garden Rd
10724,0,8540 Argyle Forest Blvd #10
12613,0,19150 Acorn Rd
14714,0,1405 S Hiawassee Rd
11636,0,2481 McMullen Booth Rd
14341,0,1540 University Blvd W
11294,0,2210 Curry Ford Rd
11283,0,238 Basin Dr
8438,0,157 E Morse Blvd
9450,0,1024 Florida A1A Suite 130
8816,0,21655 FL-7
14656,0,11426 W Sample Rd
14651,0,3112 E Commercial Blvd
13630,0,6756 Memorial Hwy
2688,0,9 Sanchez Ave
13738,0,888 E Coast Ave
3067,0,2936 SW Mapp Rd
13768,0,618 W Eau Gallie Blvd
10762,0,236 N Atlantic Ave
11649,0,41 S Palm Ave
11634,0,5901 53rd Ave E
10786,0,9136 Glades Rd
8539,0,7241 SW 63rd Ave Ste 201-A
368,0,145 Palm Bay Rd NE
8396,0,2619 S Woodland Blvd
1038,0,300 NW 70th Ave STE 100
8423,0,4444 Tamiami Trail N #8
9012,0,1980 N Atlantic Ave
11339,0,16672 Saddle Club Rd
10400,0,155 NE 2nd Ave
10037,0,3201 E Colonial Dr
2283,0,4514 E Hwy 20
11007,0,5329 Village Market
10453,0,43350 US-27
9521,0,3720 San Jose Pl
12764,0,600 N Congress Ave
10005,0,3433 E Gulf to Lake Hwy
9462,0,83 Merrick Way
10940,0,271 Alhambra Cir
10113,0,48 SE Osceola St
1092,0,707 17th St
9801,0,3525 W Boynton Beach Blvd
9524,0,1155 N Federal Hwy
8574,0,257 N University Dr
9548,0,486 S Hunt Club Blvd
9547,0,3342 E Atlantic Blvd
12912,0,416 SE 11th Ct
2335,0,455 Douglas Ave
3970,0,1617 E Vine St
12337,0,1857 NE Miami Gardens Dr
11005,0,16455 NW 67th Ave
8603,0,139 5th Ave
2398,0,8158 Glades Rd
14972,0,3370 E Bay Dr
9467,0,3541 Edgewater Dr
7929,0,11911 E Colonial Dr
10210,0,8600 FL-84
15087,0,1298 NW Federal Hwy
10136,0,9041 Southside Blvd STE 129
11962,0,2220 N Federal Hwy
11953,0,330 NW 76 Dr
10364,0,1239 N Gulfstream Ave
10314,0,3969 Van Dyke Rd
11115,0,682 5th St
4290,0,1075 58th St N
8847,0,4642 San Juan Ave
10190,0,2223 N Westshore Blvd
10171,0,7418 Commerce St
2550,0,7313 SW 59th Ct
9734,0,5050 Biscayne Blvd
8842,0,685 S Collier Blvd
14223,0,8343 Lockwood Ridge Rd
14180,0,3975 Jog Rd
8724,0,1660 S Congress Ave
13159,0,3238 Fordham Pkwy
12017,0,2200 Winter Springs Blvd
9771,0,533 S Howard Ave
9754,0,1330 Timberlane Rd
8763,0,717 S Nova Rd
11083,0,30370 Quail Roost Trail
10154,0,5840 Strand Blvd
9216,0,26831 S Tamiami Trail #46
8772,0,14455 N Dale Mabry Hwy
14221,0,10240 Forest Hill Blvd
14204,0,525 FL-16
11135,0,382 E Michigan St
15214,0,11343 Big Bend Rd
12089,0,3251 Hollywood Blvd
9769,0,19585 FL-7 k
9356,0,7200 Normandy Blvd
7790,0,350 E Norvell Bryant Hwy
9741,0,209 Dunlawton Ave #8
14,0,1701 Drew St #1
14152,0,10915 Baymeadows Rd
15128,0,6850 St Augustine Rd
14110,0,2851 Enterprise Rd
12130,0,4431 Park Blvd N
1688,0,725 E Oak St
10885,0,3065 Fuller St
15717,0,82913 Overseas Hwy
9504,0,7201 N Kendall Dr
19005,0,7571 W Sand Lake Rd
18753,0,1037 S Combee Rd
18973,0,2129 66th St N
18976,0,5810 S University Dr
18029,0,2100 NW Boca Raton Blvd
18688,0,1041 WP Ball Blvd
18623,0,710 3rd St N
18455,0,475 Cox Rd
18434,0,3280 Tamiami Trail
18609,0,3780 Tampa Rd
10456,0,101 E Robertson St
18716,0,102 Flagler Plaza Dr
18694,0,205 S Baylen St
2351,0,399 9th St N
18314,0,286 Mt Vernon Dr
18104,0,2400 9th St N
18191,0,236 Apollo Beach Blvd
18254,0,12402 S Orange Blossom Trail
18068,0,14761 Biscayne Blvd
15306,0,2651 Ulmerton Rd
18074,0,3145 SW 74th Terrace
18021,0,215 Gulf Breeze Pkwy
17619,0,1432 Oviedo Marketplace Blvd
17805,0,7655 W Sample Rd
17936,0,8385 SW 80th St
17986,0,973 W State Rd 84
17791,0,511 SE 5th Ave
17792,0,4200 4th St N
17900,0,4807 Bayshore Blvd
17747,0,917 W Linebaugh Ave
18001,0,4505 N Lecanto Hwy
15407,0,5538 Hansel Ave
17646,0,8648 E State Rd 70
17565,0,10710 SW 38th St
17548,0,414 E Liberty St
17617,0,1615 County Rd 220
17649,0,6100 Glades Rd
17586,0,2413 Curry Ford Rd
17569,0,2745 W Hillsboro Blvd
17255,0,3410 S Dale Mabry Hwy
17274,0,1149 SW 27th Ave
17136,0,11663 Countryway Blvd
17169,0,1224 E Concord St
13445,0,2815 W Virginia Ave STE A
10047,0,731 Dunlawton Ave STE 103
17211,0,4646 W 4th Ave
17229,0,10421 Ulmerton Rd
17333,0,6690 SW 117th Ave
16904,0,4220 Bee Ridge Rd
16779,0,1929 14th Ave
10451,0,1814 Edgewater Dr
16699,0,5833 S Congress Ave
16644,0,2525 Pasadena Ave S
16962,0,8296 SW 103rd Street Rd
16946,0,1140 E Altamonte Dr #1014
16858,0,3036 Tamiami Trail UNIT C
16880,0,645 Sebastian Blvd
17016,0,6673 W Newberry Rd
16783,0,11963 Sheldon Rd
16940,0,4006 N 46th Ave
16542,0,6 N Boulevard of the Presidents
16457,0,1470 NW 107th Ave
16387,0,1836 Thomasville Rd
16599,0,7750 Taft St
16474,0,23032 Panama City Beach Pkwy
14769,0,5330 Mobile Hwy
16499,0,5275 Red Bug Lake Rd
16054,0,540 E Horatio Ave #103
15772,0,301 10th Ave N
16203,0,1315 N Bronough St
16169,0,14752 SW 56th St
9542,0,115 W International Speedway Blvd
11252,0,2746 E Commercial Blvd
16290,0,130 Hillcrest St
16209,0,1943 N Federal Hwy
3722,0,6985 Collins Ave
15503,0,2222 Park St
5124,0,5131 Florida Ave S #7
15814,0,364 W Fairbanks Ave
15528,0,11770 E Colonial Dr
15613,0,8923 US-301
15832,0,620 NE 3rd St
15550,0,1820 Bruce B Downs Blvd
9911,0,5001 NW 34th Blvd
8008,0,111 S Olive Ave
13232,0,29273 US Hwy 19 N
12167,0,8834 N 56th St
9244,0,5909 S Dixie Hwy
9189,0,3328 Henderson Blvd
9119,0,2559 E Sunrise Blvd
9181,0,106 Pinellas Bayway S
9264,0,926 Saxon Blvd
4230,0,3300 Bonita Beach Rd SW #126
10152,0,437 Mary Esther Cut Off NW
13292,0,7274 55th Ave E
21836,0,4540 Southside Blvd
15826,0,2600 US Highway 1 S
22201,0,4881 PGA Boulevard
21985,0,51 N Indiana Ave
21674,0,105 Lake Davenport Cir
21911,0,11394 US-98
22023,0,261 Westward Dr
21410,0,6915 W Broward Blvd
21463,0,915 E Alfred St
21534,0,Santa Rosa Beach
21487,0,531 A1A Beach Blvd
21338,0,1624 Highland Ave
21364,0,13901 U.S. Hwy 1
21274,0,7389 Davie Road Extension
11882,0,210 Arteva Dr
21658,0,982 Del Mar Dr
21712,0,202 E Robertson St
20813,0,1521 E Commercial Blvd
20986,0,8686 131st St N
20652,0,1005 N Krome Ave
16951,0,835 17th St
21011,0,3430 E Silver Springs Blvd
20489,0,3244 Ocean Dr
20088,0,110 Washington Ave
20677,0,3944 Florida Blvd
20726,0,26240 US Hwy 19 N
20444,0,912 McMullen Booth Rd
13475,0,108 Whitaker Rd
20850,0,3183 4th St N
10263,0,131 Defuniak St
20607,0,256 Westshore Plaza
20442,0,1147 Edgewood Ave S
20671,0,130 W Miracle Strip Pkwy
20595,0,1217 E Las Olas Blvd
20414,0,17521 Pines Blvd
20467,0,8719 Stirling Rd
12308,0,2632 W Indiantown Rd
19272,0,2464 N University Dr
11421,0,5101 E Busch Blvd
19686,0,1205 N Dixie Fwy
20114,0,1450 NW 87th Ave
20308,0,11670 Oakhurst Rd
20238,0,11395 W Palmetto Park Rd
13864,0,4121 S MacDill Ave
19966,0,2000 SE Via Tesoro
15951,0,1008 Webster St
19959,0,2335 Coral Way
19992,0,2506 W Azeele St
14376,0,115 Margaret St
2867,0,3371 SW Martin Downs Blvd
8926,0,11048 Baymeadows Rd
16851,0,10879 Bloomingdale Ave
18681,0,58 Spanish St
19444,0,5900 S Dixie Hwy
4748,0,2292 Coral Way
19561,0,13605 S Dixie Hwy
19628,0,15949 Pines Blvd
16626,0,6710 Gulf Blvd
11647,0,1207 N Krome Ave
2995,0,245 Front St
16550,0,5660 Bayshore Rd
17926,0,19605 FL-7
17765,0,7300 Gulf Blvd
18274,0,1082 Canal St
16268,0,10428 W Atlantic Blvd
16578,0,3278 Crawfordville Hwy
19490,0,556 S Hwy 27
9900,0,5035 S Lakeland Dr
19590,0,58 W Washington St
9086,0,391 3rd Ave S
17605,0,3928 Hypoluxo Rd
11047,0,1318 S Crystal Lake Dr
11456,0,1715 Stickney Point Rd
11822,0,2708 Garden St
1320,0,6630 W Gulf to Lake Hwy
5156,0,1621 N Tamiami Trail #8
5277,0,10930 Sheldon Rd
15733,0,6362 Cypress Gardens Blvd
19541,0,2107 W 9 Mile Rd
17958,0,3510 N Lockwood Ridge Rd
19185,0,1710 Bruce B Downs Blvd
215,0,27970 Crown Lake Blvd Ste. 1
10161,0,2324 S Kirkman Rd
5254,0,1590 Highland Ave
9718,0,40916 Marx Ave
16466,0,1223 SE 47th Terrace
16822,0,3197 Merchants Row Blvd
14982,0,13959 U.S. Hwy 1
16648,0,1621 Rogero Rd
19218,0,12349 University Mall Ct
8167,0,2225 A1A S SUITE B-1
12973,0,23 Webb St
18226,0,1480 Swanson Dr
19017,0,953 E Brandon Blvd
16229,0,641 W Lumsden Rd
17425,0,3128 Little Rd
13599,0,7170 SW 117th Ave
10368,0,120 E 5th Ave
17579,0,4640 Hypoluxo Rd
8557,0,1990 Main St #201
14607,0,2024 NE 36th St
9717,0,953 N University Dr
19148,0,4465 Woodmere St
39528,1,12185 S Cleveland Ave
39114,1,5624 International Dr
39099,1,1821 E Colonial Dr
39232,1,4553 W Kennedy Blvd
39149,1,1975 E Edgewood Dr
35950,1,2606 US-1
39117,1,2459 E Commercial Blvd
39079,1,10609 117 Dr N
38984,1,5760 Mead Ave
39129,1,26314 Wesley Chapel Blvd
39151,1,1441 E Fletcher Ave #135
33526,1,1629 Lee Rd
39349,1,1106 Normandy Dr
39327,1,8642 NW 44th St
36734,1,2666 E Oakland Park Blvd
39026,1,1625 Gulf to Bay Blvd
12592,1,16450 S Tamiami Trail
38826,1,9741 S Orange Blossom Trail #5
39001,1,734 W Colonial Dr
38609,1,2932 Vineland Rd
38925,1,2196 Gulf Gate Dr
38627,1,617 S Tamiami Trail
38722,1,8421 Baymeadows Way #2
36767,1,7006 SW 87th Ave
38955,1,3085 E Commercial Blvd
38904,1,801 W Fairbanks Ave
39022,1,7159 SW 8th St
39193,1,9029 Ulmerton Rd
28559,1,7359 Curry Ford Rd
11469,1,4001 W Kennedy Blvd
27933,1,5410 W Atlantic Blvd
28885,1,1791 Boy Scout Dr #3
32118,1,2155 Palm Bay Rd NE
34045,1,10651 S Federal Hwy
34545,1,258 SE 6th Ave
1682,1,3250 NE 33rd St
38098,1,2551 W State Rd 434 #108
38461,1,7930 NW 36th St #17
32637,1,5093 Okeechobee Blvd
32550,1,3652 W Cypress St
30390,1,4317 W Kennedy Blvd
38413,1,1678 W Hillsboro Blvd
38037,1,18681 W Dixie Hwy
35194,1,11406 N Dale Mabry Hwy
110,1,2544 N Federal Hwy
35624,1,11433 US-441
34729,1,7865 W Sample Rd
34266,1,1865 N Pine Island Rd
38043,1,605 E Atlantic Blvd
36251,1,11617 Sheldon Rd
38164,1,10103 E Colonial Dr
37996,1,4006 W Kennedy Blvd
38089,1,6500 W 4th Ave #14
38084,1,6125 FL-54
34344,1,5140 Coconut Creek Pkwy
37576,1,2125 Hollywood Blvd
37436,1,2751 W Atlantic Blvd #202
33736,1,1609 N Wickham Rd
37645,1,2520 Central Ave
31151,1,9523 S Dixie Hwy
37539,1,10300 SW 72nd St
29656,1,231 E Commercial Blvd
32122,1,2938 Jog Rd
28298,1,1340 Cape Coral Pkwy E
31819,1,4050 Cattlemen Rd
22752,1,2020 Kingsley Ave
35224,1,12994 Walsingham Rd
35305,1,4730 Okeechobee Blvd
37902,1,3057 Gulf Breeze Pkwy
35197,1,5450 South State Road 7
37689,1,3030 Dr M.L.K. Jr St N
36931,1,2614 E Colonial Dr
37230,1,12875 S Cleveland Ave #1
37308,1,26251 S Tamiami Trail #6
36498,1,10919 N Dale Mabry Hwy
36575,1,5807 US-90
37448,1,8255 Sunset Strip
37403,1,620 E Colonial Dr Ste A
35883,1,2706 W Atlantic Blvd
36810,1,2636 University Blvd W
36961,1,12350 US-19
37099,1,6260 N US Hwy 1
36923,1,5610 N Nebraska Ave
37069,1,3441 W Kennedy Blvd
37161,1,768 S Congress Ave
37188,1,81 N Deerfield Ave #1
37197,1,84 NE 5th Ave
37120,1,5707 SE Abshier Blvd
37125,1,8293 S Dixie Hwy
36974,1,2301 Lee Rd
36787,1,350 E McNab Rd
36903,1,8068 W Sample Rd
36946,1,6607 S Semoran Blvd
36833,1,255 Park Blvd
36849,1,6533 Park Blvd N
36976,1,1489 SE 17th St
36870,1,1004 E Osceola Pkwy
34840,1,5773 S Beneva Rd
34748,1,819 Court St
35972,1,3733 Southside Blvd
36040,1,2826 Tamiami Trail
34909,1,3845 Killearn Ct #2
34815,1,7041 State Rd 52
35103,1,2423 S Hiawassee Rd
35032,1,1388 SE 17th St
22247,1,1613 Lee Rd
32103,1,1943 Pembroke Rd
33622,1,900 E Atlantic Blvd #12
32587,1,2302 Winona Dr
33200,1,334 W Burleigh Blvd
29285,1,17031 Pines Blvd
29288,1,5800 N University Dr
32054,1,2539 N Dixie Hwy
32244,1,1605 Prosperity Farms Rd STE A
31389,1,10420 N Dale Mabry Hwy
36323,1,888 NW 27th Ave
35742,1,5490 Normandy Blvd
36536,1,2520 W Oakland Park Blvd
36164,1,527 Beville Rd
36770,1,6415 Pembroke Rd
35846,1,2451 N 59th Terrace
31775,1,1799 FL-7 #9
30369,1,2712 Okeechobee Blvd
36644,1,8544 N Dale Mabry Hwy
32022,1,5154 N Federal Hwy
32860,1,9838 W Sample Rd
31798,1,186 N Federal Hwy
36513,1,3935 W Kennedy Blvd
32071,1,16319 Miramar Pkwy
34135,1,10548 S Federal Hwy
32392,1,3008 NW 13th St STE A
29271,1,7441 Collins Ave
23195,1,27317 Cashford Cir
21612,1,6103 N Atlantic Ave
30386,1,812 W Lantana Rd
36518,1,11774 SE Federal Hwy
19121,1,5936 Pembroke Rd
31489,1,1885 S US Hwy 17 92
33489,1,2447 US-1
36045,1,10031 SW 72nd St
36674,1,240 S Tamiami Trail
35501,1,11062 International Dr
33593,1,3060 Jog Rd
35747,1,10962 S Cleveland Ave
30111,1,1556 E Commercial Blvd
31970,1,1890 SW 57th Ave
36637,1,2808 S Bay St
21131,1,5220 South State Road 7
36125,1,800 E Bay Dr suite P
36272,1,36310 US Hwy 19 N
36133,1,305S Federal Hwy
33406,1,7337 FL-7
31841,1,706 W Boynton Beach Blvd #111
31296,1,10367 W Sample Rd
32649,1,4352 N Federal Hwy
32697,1,2051 N University Dr
33758,1,3838 N University Dr
34459,1,170 S Yonge St
30761,1,2500 E Hallandale Beach Blvd
30121,1,8332 SW 8th St
31937,1,209 SW Federal Hwy
32410,1,1847 S State Rd 7
31541,1,3937 N Andrews Ave
36782,1,1313 Coral Way
32447,1,8746 SW 72nd St
31882,1,11242 SW 137th Ave
20590,1,1231 W King St
29434,1,2130 Bispham Rd
32090,1,5741 W Irlo Bronson Memorial Hwy
32495,1,233 W Hibiscus Blvd
33147,1,12333 NW 18th St #3B
23998,1,632 S State Rd 7
36013,1,3081 Roosevelt Blvd
35994,1,6220 Blanding Blvd
33943,1,2940 Immokalee Rd #4
33974,1,12701 S John Young Pkwy
34130,1,4502 N Tamiami Trail
35741,1,4554 S Kirkman Rd
33339,1,15200 S Tamiami Trail
34007,1,11354 SW 184th St
35134,1,1302 E Hillsborough Ave
36991,1,749 W Lumsden Rd
35332,1,175 Fontainebleau Blvd
35987,1,10209 E Colonial Dr
38725,1,8711 SW 129th Terrace
33384,1,11791 US-441
38045,1,2921 Stirling Rd
33882,1,4467 W Gandy Blvd
32546,1,17606 SW 137th Ave
1730,1,325 S Orlando Ave
35735,1,500 NE 5th Ave
38716,1,19015 US-41
35026,1,1315 E Silver Springs Blvd
30454,1,6349 103rd St
33361,1,6821 W Hillsborough Ave
38222,1,4152 Tamiami Trail N
33733,1,9120 Griffin Rd
34424,1,32832 US Hwy 19 N
32476,1,4186 S University Dr
35254,1,3809 McIntosh Rd
37746,1,4327 University Blvd S
37232,1,5215 NW 79th Ave
33008,1,2128 Gulf Gate Dr
37488,1,7162 N University Dr
34630,1,11569 Seminole Blvd
31021,1,620 E Sample Rd
36915,1,76 E Merritt Island Causeway
35870,1,2012 S Pine Ave
33402,1,8871 Brighton Ln #5
38443,1,5299 W Irlo Bronson Memorial Hwy
31922,1,2151 Lane Ave S #306
35719,1,2176 Jog Rd
36878,1,4370 Northlake Blvd
38865,1,123 E Palmetto Park Rd
39698,1,1022 NE 45th St
36512,1,111 E Commercial Blvd
39056,1,8726 US-19
34766,1,3601 W Commercial Blvd #3
39163,1,8910 Turkey Lake Rd
36015,1,17018 Palm Pointe Dr
39101,1,5829 Lake Worth Rd
35922,1,327 E Hallandale Beach Blvd
36148,1,1572 US-1
39002,1,3300 NE 33rd St
36505,1,1637 S 21st Ave
31978,1,2400 E Washington St
35000,1,2762 E Oakland Park Blvd
39207,1,1008 20th Pl
34741,1,5671 Vineland Rd
40393,1,238 S University Dr
40076,1,285 NW 27th Ave
39984,1,Oak Tree Plaza 11575
40064,1,2695 N Military Trl
41036,1,6550 International Dr #105
41352,1,5907 54th Ave N
25754,1,1856 N Pine Island Rd
40992,1,1205 E Hillsborough Ave
41240,1,771 W Oakland Park Blvd
31170,1,9881 W Sample Rd
31608,1,6699 N Federal Hwy
39710,1,8803 Futures Dr
32795,1,51 NE 2nd Ave
35214,1,176 Oxford Rd
40674,1,7857 Pines Blvd
40593,1,8426 W Oakland Park Blvd
33785,1,30123 US Hwy 19 N
35705,1,2047 Reynolds St
41394,1,3160 Vineland Rd
33049,1,3302 W Kennedy Blvd
29687,1,3430 W Kennedy Blvd
38117,1,3569 NE 163rd St
35448,1,11151 66th St N
37757,1,5319 SW 8th St
37200,1,10471 SW 40th St
31854,1,2902 E Sunrise Blvd
33210,1,6538 W Atlantic Blvd
29585,1,5410 Stirling Rd
34252,1,16732 US-441
34320,1,918 Powerline Rd
30350,1,1908 N Himes Ave
41588,1,5580 Park Blvd N
36902,1,2914 FL-7
41112,1,15437 US-441
34991,1,8216 World Center Dr
33534,1,8239 Navarre Pkwy
40309,1,2137 N Courtenay Pkwy
39774,1,3516 W Vine St
26555,1,278 NW 42nd Ave
37204,1,2312 Gulf Gate Dr
40830,1,4644 W Gandy Blvd
30506,1,1530 E Olive Rd
40826,1,2103 Rockledge Blvd
31785,1,208 SE 12th St
36042,1,4000 W Newberry Rd
36709,1,6151 Westwood Blvd
41224,1,1832 University Blvd S
41313,1,7250 S Kirkman Rd
41414,1,170 E Boca Raton Rd #5
41361,1,1233 Sand Lake Rd
33664,1,1121 US-27
40634,1,13500 Tamiami Trail N
40679,1,7453 N Tamiami Trail
31574,1,13799 Beach Blvd
33358,1,32 N Bumby Ave
30116,1,957 W Commercial Blvd
28467,1,10890 Pines Blvd
41209,1,8734 20th St
40338,1,4221 N State Rd 7
40249,1,1702 Ridgewood Ave A
39939,1,2350 W 84th St
39859,1,506 W International Speedway Blvd
39795,1,5019 Tamiami Trail E
37649,1,1957 Grove Ave
39359,1,5730 Bowden Rd #101
11071,1,1617 SE 3rd Ct
12597,1,10940 E State Rd 70
13033,1,3497 S Congress Ave
12631,1,9318 E Colonial Dr
11032,1,19241 N Dale Mabry Hwy
21249,1,721 Northlake Blvd
11178,1,4721 N University Dr
11002,1,402 N Dale Mabry Hwy
19287,1,75 E Colonial Dr
29004,1,24971 S Tamiami Trail
28742,1,1001 W Colonial Dr
15032,1,613 Northlake Blvd
32535,1,245 FL-50
26779,1,14331 SW 120th St
34177,1,7060 Taft St
30245,1,4630 NW 7th St
30028,1,12720 S Orange Blossom Trail
33741,1,6750 N Orange Blossom Trail B5
33790,1,6602 US-19
32201,1,210 S Kings Ave
34075,1,2306 E Atlantic Blvd
20470,1,100 NW 17th Ave
33792,1,235 Citrus Tower Blvd
34047,1,869 Donald Ross Rd
33922,1,4400 S Tamiami Trail
33568,1,2814 Hollywood Blvd
33592,1,5477 W Irlo Bronson Memorial Hwy
33658,1,1918 Del Prado Blvd S
27503,1,1200 Royal Palm Beach Blvd
33163,1,3410 Griffin Rd
34395,1,10855 SW 72nd St
30939,1,7918 N Tamiami Trail
30590,1,3573 N Dixie Hwy
31686,1,9202 S US Hwy 17 92
31335,1,5048 W Colonial Dr
31776,1,6147-6151 Washington St
30226,1,4622 Hollywood Blvd
33292,1,40158 US Hwy 19 N
30368,1,1020 71st St
33413,1,1001 Ives Dairy Rd #204
37228,1,317 N Collier Blvd
35547,1,4930 Park Blvd N #7
35832,1,36263 US Hwy 19 N
34638,1,127 E Alamo Dr
33240,1,7791 Pines Blvd
34675,1,4455 W Vine St
31334,1,2605 Stirling Rd
33646,1,1223 S Main St
34492,1,1252 NE 163rd St
34921,1,9844 Sandalfoot Blvd
34759,1,1024 NE 163rd St
34243,1,142 W International Speedway Blvd
34556,1,999 Blanding Blvd #10
35053,1,1974 Adams Ln
34263,1,4195 Southside Blvd #103
32483,1,909 14th Ln
34572,1,6700 Taft St
35639,1,4895 Windward Passage Dr #9
35573,1,1212 Woodward St #5
34017,1,3832 Killearn Ct
34139,1,600 S Dixie Hwy #103A
34941,1,1503 57th Ave W
34849,1,1800 W 68th St #138
34208,1,4018 Little Rd
31421,1,9810 Baymeadows Rd
35647,1,2828 Tamiami Trail N
37770,1,316 N John Young Pkwy
34599,1,7800 NW 25th St #18
35398,1,2700 W Oakland Park Blvd #20
33956,1,3854 N University Dr
35915,1,33 Federal Hwy
30960,1,1570 Ives Dairy Rd
33991,1,103100 Overseas Hwy
4809,1,Casselberry
2057,1,903 E Cypress Creek Rd
4571,1,2758 W Atlantic Blvd
961,1,13813 S Dixie Hwy
26916,1,3900 NW 79th Ave #559
22899,1,2250 N Dixie Hwy
26621,1,4820 N Federal Hwy
26463,1,4211 N State Rd 7
26720,1,527 N Mills Ave
26665,1,6987 Stirling Rd
26659,1,3704 W 23rd St
25854,1,274 N Nova Rd
25398,1,555 N Federal Hwy #10
25867,1,4063 W Atlantic Ave
25461,1,8336 SW 40th St
24716,1,1189 US-1
25162,1,4962 US-19
25166,1,560 E Osceola Pkwy
25045,1,4022 Tampa Rd
25722,1,12971 Walsingham Rd
24191,1,213 W State Rd 434
23235,1,2762 N University Dr
23885,1,3360 W New Haven Ave
16408,1,733 5th St
19886,1,10344 W Flagler St
17523,1,4376 Park Blvd N
19275,1,2394 N Federal Hwy
4639,1,3222 S Dixie Hwy
20660,1,260 Altamonte Springs Dr
16999,1,7429 Conroy Windermere Rd
23298,1,2960 Vineland Rd
18964,1,700 Harold Ave
23020,1,16119 Biscayne Blvd
19243,1,2731 Coral Way
21138,1,2202 N Federal Hwy
21723,1,4769 W Irlo Bronson Memorial Hwy
22125,1,2040 Winter Springs Blvd
22121,1,289 E Palmetto Park Rd
21569,1,865 Hibernia Rd
22864,1,8121 FL-54
20274,1,2229 W Hillsboro Blvd
18467,1,1021 Ives Dairy Rd #117
12369,1,1011 N Mills Ave
21608,1,11610 N Kendall Dr
22593,1,9524 Blind Pass Rd
22029,1,6080 Bird Rd
26836,1,4920 W Irlo Bronson Memorial Hwy
24563,1,4516 Hollywood Blvd
20506,1,10671 104th Ave
27720,1,6203 W Sand Lake Rd
23820,1,811 SE 8th Ave
24607,1,7800 SW 57th Ave
13103,1,6645 Vineland Rd
25667,1,1925 E Atlantic Blvd
27995,1,204 NE 71st St
27840,1,644 W Hallandale Beach Blvd
11097,1,222 W State Rd 434
27252,1,717 E Palmetto Park Rd
24956,1,6911 Taft St
23045,1,5781 SW 137th Ave
8694,1,3333 N Federal Hwy
27391,1,40 Fairway Dr
16781,1,9301 SW 56th St
22823,1,8364 SW 40th St
26908,1,4081 E Olive Rd
27041,1,619 Beville Rd
25390,1,500 N Harbor City Blvd
11401,1,2624 5th Ave N
26600,1,302 E Oakland Park Blvd
19734,1,10021 SW 40th St
25321,1,8771 Stirling Rd
24629,1,2012 Beacon Manor Dr
23308,1,7337 SW 107th Ave
25409,1,9370 SW 72nd St
24398,1,2505 Harrison Ave
26025,1,4626 Jog Rd
22905,1,3309 W Kennedy Blvd
30684,1,1100 N Florida Mango Rd
23155,1,3640 W Kennedy Blvd
29462,1,2787 Gulf to Bay Blvd
30091,1,8079 W Oakland Park Blvd
26690,1,4219 NW 107th Ave
26228,1,1195 E Altamonte Dr
22335,1,2615 S University Dr
28687,1,12563 Biscayne Blvd
27964,1,1515 S Dale Mabry Hwy #104
26361,1,3034 E Commercial Blvd
24081,1,15227 N Dale Mabry Hwy
26881,1,6710 N Atlantic Ave
30509,1,2180 Central Florida Pkwy A5
30294,1,6202 N 9th Ave
30292,1,405 US-1
30329,1,7587 S Dixie Hwy
30470,1,8387 Pines Blvd
30397,1,3929 NW 7th St
30344,1,122 N Military Trl SUIT F
30293,1,4760 Tamiami Trail N #26
30098,1,18 W Ave B
30117,1,1923 S Federal Hwy
30266,1,5301 E Colonial Dr
29769,1,3220 Apalachee Pkwy #5
29849,1,2775 Burris Rd #6A
30726,1,3076 Gulf Breeze Pkwy
29859,1,3978 W 16th Ave
29456,1,5130 N Federal Hwy #06
29477,1,2500 E Hallandale Beach Blvd SUITE S
29422,1,6406 N University Dr
29075,1,4775 W Irlo Bronson Memorial Hwy
28283,1,2843 NW Federal Hwy
28878,1,2141 Loch Rane Blvd #136
28845,1,200 Towne Center Cir
23727,1,8130 W Waters Ave
29393,1,9965 San Jose Blvd #22
28762,1,289 W Cocoa Beach Causeway
29125,1,8865 Commodity Cir #10
28431,1,1671 NE 163rd St
28364,1,145 W Granada Blvd
25898,1,1561 S Federal Hwy
28323,1,1405 N State Rd 7
28015,1,2122 E Colonial Dr
27851,1,8204 Crystal Clear Ln #900
28516,1,2655 E Oakland Park Blvd
25664,1,5327 N State Rd 7
9256,1,3364 NE 34th St
23644,1,1300 E Atlantic Blvd
21790,1,11301 S Orange Blossom Trail
27598,1,8251 15th St E
36080,1,1005 W Busch Blvd #103
29047,1,6205 E Hillsborough Ave
33263,1,8170 N University Dr
31867,1,1851 W Indiantown Rd #103
27479,1,325 Alhambra Cir
13534,1,1280 S Powerline Rd
29458,1,1928 SE Federal Hwy
33531,1,190 NE 199th St
33249,1,975 Creech Rd
32696,1,1169 E John Sims Pkwy
31871,1,215 S Olive Ave #201
32722,1,1201 US-1 #3
28801,1,1105 E Hallandale Beach Blvd
32397,1,927 Beville Rd #9
32877,1,6455 Bird Rd
32757,1,5360 N Atlantic Ave E
32892,1,801 NW 37th Ave #201
32112,1,2317 NW Federal Hwy
31672,1,285 NW 27th Ave #17
29878,1,1871 Woolbright Rd
33212,1,7620 Gunn Hwy #140
33353,1,6645 Pembroke Rd
31618,1,9251 S Orange Blossom Trail
30436,1,10915 Bonita Beach Rd SE
31444,1,5625 SW 107th Ave
28493,1,34042 US Hwy 19 N
28145,1,3840 Vineland Rd #100
560,1,4689 N Dixie Hwy
28733,1,701 NW Federal Hwy #202
641,1,2820 5th Ave N
30307,1,7901 W McNab Rd
31189,1,12442 Indian Rocks Rd
27606,1,3255 N Federal Hwy
28289,1,9371 US Hwy 19 N
20964,1,3650 Forest Hill Blvd
28715,1,3258 W Hillsboro Blvd
30723,1,1904 W Colonial Dr
11396,1,531 U.S. Hwy 1
8957,1,13247 38th St N
10906,1,5038 Seminole Pratt Whitney Rd
14705,1,3574 St Johns Ave
1753,1,Miami
3143,1,Jacksonville
12547,1,1852 N University Dr
8587,1,124 Robin Rd # 1300
11810,1,5601 N Federal Hwy
9068,1,6250 N Andrews Ave
2530,1,3448 5th Ave N
17653,1,8940 Conroy Windermere Rd
558,1,5614 Lilly St
16646,1,5815 Sheridan St
12214,1,7319 NW 36th St
21415,1,10387 Gandy Blvd N
20991,1,2565 NW 79th Ave
19207,1,38545 US Hwy 19 N